time,lat,lng
2015/6/1 23:00,124.35518,66.14038
2015/6/1 22:01,124.357,66.13954
2015/6/1 21:02,124.35486,66.13745
2015/6/1 20:00,124.35416,66.13917
2015/6/1 19:02,124.3544,66.13932
2015/6/1 18:01,124.35408,66.13947
2015/6/1 17:00,124.35444,66.13966
2015/6/1 16:01,124.35452,66.1399
2015/6/1 15:03,124.3549,66.13947
2015/6/1 14:00,124.35586,66.13933
2015/6/1 13:01,124.35966,66.13775
2015/6/1 12:01,124.35784,66.13888
2015/6/1 11:01,124.35236,66.14127
2015/6/1 10:00,124.35906,66.13714
2015/6/1 9:01,124.3581,66.1391
2015/6/1 8:01,124.35672,66.1396
2015/6/1 7:01,124.35688,66.13954
2015/6/1 6:06,124.35446,66.14029
2015/6/1 2:06,124.3544,66.14064
2015/6/1 1:01,124.35632,66.14018
2015/6/1 0:02,124.3547,66.14092
2015/5/31 23:00,124.35324,66.14113
2015/5/31 22:01,124.3541,66.14044
2015/5/31 21:02,124.35414,66.14064
2015/5/31 20:00,124.35496,66.14019
2015/5/31 19:01,124.3531,66.14116
2015/5/31 18:01,124.35316,66.1411
2015/5/31 17:01,124.3526,66.14146
2015/5/31 16:00,124.35252,66.14124
2015/5/31 15:00,124.3514,66.14122
2015/5/31 14:01,124.3596,66.13799
2015/5/31 13:00,124.3572,66.13842
2015/5/31 12:03,124.35576,66.13946
2015/5/31 11:11,124.35706,66.13947
2015/5/31 10:01,124.35522,66.14038
2015/5/31 9:01,124.35794,66.13931
2015/5/31 8:02,124.35932,66.13863
2015/5/31 7:00,124.3567,66.13913
2015/5/31 6:01,124.35662,66.13907
2015/5/31 5:00,124.35666,66.13913
2015/5/31 4:01,124.35776,66.13911
2015/5/31 3:01,124.3565,66.1392
2015/5/31 2:01,124.35432,66.14075
2015/5/31 1:00,124.35484,66.14007
2015/5/31 0:03,124.35424,66.14054
2015/5/30 23:01,124.35384,66.1409
2015/5/30 22:00,124.35652,66.13974
2015/5/30 21:01,124.35674,66.13963
2015/5/30 20:00,124.35694,66.13938
2015/5/30 19:00,124.35546,66.14032
2015/5/30 18:01,124.35596,66.13993
2015/5/30 17:01,124.357,66.13916
2015/5/30 16:00,124.35794,66.13904
2015/5/30 15:01,124.35722,66.13883
2015/5/30 14:01,124.35342,66.14067
2015/5/30 13:00,124.35656,66.13946
2015/5/30 12:00,124.35492,66.1405
2015/5/30 11:01,124.35482,66.1405
2015/5/30 10:05,124.35702,66.13891
2015/5/30 9:05,124.35684,66.13986
2015/5/30 8:01,124.35646,66.13974
2015/5/30 7:00,124.35688,66.13873
2015/5/30 6:01,124.35644,66.13908
2015/5/30 5:00,124.3569,66.13903
2015/5/30 4:01,124.35688,66.13896
2015/5/30 3:02,124.35682,66.13912
2015/5/30 2:01,124.35652,66.13978
2015/5/30 1:00,124.3568,66.13969
2015/5/30 0:00,124.35938,66.13789
2015/5/29 23:01,124.35676,66.13951
2015/5/29 22:01,124.3562,66.13985
2015/5/29 21:02,124.35552,66.14023
2015/5/29 20:00,124.35504,66.14047
2015/5/29 19:01,124.35522,66.14102
2015/5/29 18:01,124.35462,66.1406
2015/5/29 17:00,124.35484,66.14053
2015/5/29 16:01,124.35872,66.13944
2015/5/29 15:05,124.3549,66.14053
2015/5/29 14:03,124.35396,66.14081
2015/5/29 13:01,124.35234,66.14124
2015/5/29 12:01,124.35638,66.1389
2015/5/29 11:03,124.35696,66.1397
2015/5/29 8:01,124.35866,66.13894
2015/5/29 7:01,124.35738,66.13935
2015/5/29 6:01,124.35646,66.13945
2015/5/29 5:01,124.35644,66.13943
2015/5/29 4:00,124.3563,66.1396
2015/5/29 3:01,124.35778,66.1388
2015/5/29 2:00,124.35796,66.13897
2015/5/29 1:01,124.35774,66.13928
2015/5/29 0:04,124.35556,66.14032
2015/5/28 23:01,124.35708,66.13947
2015/5/28 22:00,124.3552,66.14032
2015/5/28 21:01,124.35358,66.14082
2015/5/28 20:01,124.3557,66.14004
2015/5/28 19:01,124.35274,66.14121
2015/5/28 18:03,124.35374,66.14093
2015/5/28 17:00,124.35458,66.14055
2015/5/28 16:01,124.35548,66.14018
2015/5/28 15:01,124.35744,66.13971
2015/5/28 14:01,124.3575,66.13936
2015/5/28 13:01,124.35564,66.14038
2015/5/28 12:01,124.35698,66.13977
2015/5/28 11:01,124.35852,66.13868
2015/5/28 10:01,124.3586,66.13839
2015/5/28 9:00,124.35838,66.13851
2015/5/28 8:01,124.35806,66.13913
2015/5/28 7:01,124.35884,66.13887
2015/5/28 6:00,124.35912,66.13858
2015/5/28 5:00,124.35798,66.13911
2015/5/28 4:01,124.35778,66.13911
2015/5/28 3:01,124.35762,66.13917
2015/5/28 2:01,124.3582,66.13898
2015/5/28 1:00,124.3566,66.13965
2015/5/28 0:01,124.35774,66.13919
2015/5/27 23:00,124.3571,66.13957
2015/5/27 22:00,124.35538,66.14016
2015/5/27 21:00,124.356,66.13996
2015/5/27 20:01,124.3539,66.14542
2015/5/27 19:00,124.35134,66.14503
2015/5/27 18:01,124.3523,66.14501
2015/5/27 17:00,124.35536,66.14538
2015/5/27 16:00,124.35612,66.14606
2015/5/27 15:02,124.3576,66.1469
2015/5/27 14:01,124.35614,66.13994
2015/5/27 13:01,124.35994,66.13851
2015/5/27 12:00,124.35632,66.1396
2015/5/27 11:00,124.3564,66.13953
2015/5/27 10:00,124.35628,66.13969
2015/5/27 9:00,124.35842,66.13894
2015/5/27 8:00,124.3584,66.13902
2015/5/27 7:01,124.3599,66.13871
2015/5/27 6:01,124.359,66.13877
2015/5/27 5:00,124.358,66.13899
2015/5/27 4:00,124.35912,66.13858
2015/5/27 3:00,124.36034,66.13827
2015/5/27 2:01,124.3602,66.13842
2015/5/27 1:02,124.35936,66.13808
2015/5/27 0:00,124.35846,66.13894
2015/5/26 23:00,124.3603,66.13832
2015/5/26 22:00,124.36116,66.13823
2015/5/26 21:00,124.36016,66.13845
2015/5/26 20:00,124.36118,66.13834
2015/5/26 19:00,124.36046,66.13841
2015/5/26 18:00,124.3604,66.13841
2015/5/26 17:00,124.36002,66.13856
2015/5/26 16:00,124.35988,66.1385
2015/5/26 15:01,124.35708,66.13902
2015/5/26 14:01,124.35944,66.13866
2015/5/26 13:00,124.36036,66.13855
2015/5/26 12:01,124.3572,66.13967
2015/5/26 11:00,124.35578,66.14002
2015/5/26 10:00,124.35546,66.13982
2015/5/26 9:03,124.3572,66.13944
2015/5/26 8:01,124.35908,66.1387
2015/5/26 7:01,124.358,66.13933
2015/5/26 6:00,124.359,66.13884
2015/5/26 5:00,124.35822,66.13898
2015/5/26 4:01,124.35826,66.13885
2015/5/26 3:00,124.35806,66.13902
2015/5/26 2:01,124.35824,66.13905
2015/5/26 1:01,124.35834,66.13893
2015/5/26 0:02,124.35772,66.13916
2015/5/25 23:01,124.35682,66.13958
2015/5/25 22:01,124.3566,66.13955
2015/5/25 21:01,124.3574,66.13937
2015/5/25 20:01,124.35564,66.14009
2015/5/25 19:01,124.3568,66.13965
2015/5/25 18:00,124.35772,66.13922
2015/5/25 17:01,124.3569,66.13917
2015/5/25 16:00,124.35682,66.13959
2015/5/25 15:01,124.35904,66.13867
2015/5/25 14:02,124.35846,66.13886
2015/5/25 13:00,124.35762,66.13922
2015/5/25 12:03,124.35826,66.13903
2015/5/25 11:00,124.35798,66.1391
2015/5/25 10:00,124.36584,66.14571
2015/5/25 9:00,124.36964,66.14564
2015/5/25 8:01,124.3693,66.14568
2015/5/25 7:01,124.35858,66.13833
2015/5/25 5:00,124.35868,66.13837
2015/5/25 4:00,124.35812,66.13875
2015/5/25 3:01,124.35852,66.13838
2015/5/25 2:00,124.35924,66.13875
2015/5/25 1:00,124.36138,66.13821
2015/5/25 0:00,124.3604,66.1382
2015/5/24 23:00,124.35932,66.13866
2015/5/24 22:02,124.35984,66.13853
2015/5/24 21:00,124.35914,66.13868
2015/5/24 20:01,124.3592,66.13873
2015/5/24 19:04,124.35994,66.13785
2015/5/24 18:00,124.36054,66.13829
2015/5/24 17:00,124.35676,66.13956
2015/5/24 16:01,124.359,66.13857
2015/5/24 15:01,124.359,66.13862
2015/5/24 14:01,124.35764,66.13902
2015/5/24 13:01,124.3591,66.13864
2015/5/24 12:01,124.35962,66.13851
2015/5/24 11:00,124.34726,66.14129
2015/5/24 10:02,124.35872,66.13856
2015/5/24 9:01,124.35862,66.13838
2015/5/24 8:00,124.35846,66.13842
2015/5/24 7:00,124.35866,66.1379
2015/5/24 6:01,124.3592,66.13895
2015/5/24 5:01,124.35872,66.13848
2015/5/24 4:00,124.35878,66.13847
2015/5/24 3:05,124.35932,66.13862
2015/5/24 2:00,124.35914,66.13862
2015/5/24 1:01,124.35902,66.13867
2015/5/24 0:00,124.35958,66.13864
2015/5/23 23:00,124.36192,66.13807
2015/5/23 22:00,124.35834,66.139
2015/5/23 21:00,124.36178,66.13815
2015/5/23 20:01,124.33342,66.09541
2015/5/23 19:01,124.35416,66.05099
2015/5/23 18:00,124.38488,66.0378
2015/5/23 17:00,124.38502,66.03768
2015/5/23 16:01,124.36998,66.03036
2015/5/23 15:00,124.36702,66.02934
2015/5/23 14:01,124.35956,66.02581
2015/5/23 13:01,124.36002,66.02372
2015/5/23 11:00,124.44884,65.9532
2015/5/23 10:01,124.44858,65.95297
2015/5/23 9:03,124.47164,65.81975
2015/5/23 8:01,124.47162,65.81944
2015/5/23 7:02,124.46738,65.80723
2015/5/23 6:00,124.46692,65.80703
2015/5/23 5:01,124.4668,65.80714
2015/5/23 4:02,124.46698,65.807
2015/5/23 3:04,124.46648,65.807
2015/5/23 2:00,124.46746,65.8072
2015/5/23 1:00,124.46756,65.80616
2015/5/23 0:00,124.46582,65.80699
2015/5/22 23:00,124.46776,65.80621
2015/5/22 22:00,124.7022,65.8304
2015/5/22 21:00,124.79792,65.84201
2015/5/22 20:01,124.8197,65.82636
2015/5/22 19:00,124.76936,65.81859
2015/5/22 18:01,124.76144,65.81813
2015/5/22 17:00,124.7612,65.81816
2015/5/22 16:01,124.75932,65.81766
2015/5/22 15:02,124.75998,65.81871
2015/5/22 14:00,124.76002,65.81437
2015/5/22 13:00,124.75892,65.81302
2015/5/22 12:00,124.75672,65.81249
2015/5/22 11:01,124.75026,65.81154
2015/5/22 10:01,124.75208,65.81191
2015/5/22 9:00,124.75044,65.81108
2015/5/22 8:00,124.74924,65.81166
2015/5/22 7:01,124.7503,65.8127
2015/5/22 6:01,124.74766,65.79337
2015/5/22 5:01,124.74754,65.79338
2015/5/22 4:00,124.7476,65.79341
2015/5/22 3:01,124.74714,65.79317
2015/5/22 2:01,124.7477,65.79304
2015/5/22 1:01,124.74764,65.79277
2015/5/22 0:00,124.74792,65.79284
2015/5/21 23:00,124.74816,65.79343
2015/5/21 22:01,124.74774,65.79265
2015/5/21 21:00,124.71944,65.78677
2015/5/21 20:01,124.72042,65.78498
2015/5/21 19:01,124.724,65.78224
2015/5/21 18:00,124.72176,65.78431
2015/5/21 17:00,124.72012,65.78496
2015/5/21 16:03,124.72054,65.78513
2015/5/21 15:01,124.72032,65.78495
2015/5/21 14:00,124.72136,65.7844
2015/5/21 13:00,124.70954,65.74674
2015/5/21 12:01,124.71152,65.74493
2015/5/21 9:00,124.69082,65.65285
2015/5/21 8:00,124.68952,65.63585
2015/5/21 7:01,124.69018,65.63648
2015/5/21 6:05,124.89764,65.71593
2015/5/21 5:00,124.8977,65.71599
2015/5/21 4:01,124.89924,65.71574
2015/5/21 3:00,124.89724,65.71592
2015/5/21 2:01,124.89778,65.71585
2015/5/21 1:02,124.89754,65.71613
2015/5/21 0:00,124.89756,65.71603
2015/5/20 23:00,124.8975,65.71727
2015/5/20 22:00,124.8975,65.71687
2015/5/20 21:00,124.89814,65.71614
2015/5/20 20:01,124.9004,65.7143
2015/5/20 19:01,124.8796,65.69127
2015/5/20 18:01,124.88104,65.68976
2015/5/20 17:00,124.88102,65.68958
2015/5/20 16:01,124.88052,65.68957
2015/5/20 15:01,124.8811,65.68881
2015/5/20 14:00,124.87838,65.69137
2015/5/20 13:01,124.8799,65.68988
2015/5/20 12:00,124.8948,65.68899
2015/5/20 11:00,124.88896,65.69119
2015/5/20 10:00,124.88804,65.69224
2015/5/20 9:00,124.8869,65.68441
2015/5/20 8:01,124.8884,65.68432
2015/5/20 7:01,124.88162,65.68583
2015/5/20 6:00,124.8798,65.68737
2015/5/20 5:01,124.88118,65.68657
2015/5/20 4:00,124.87842,65.68763
2015/5/20 3:00,124.87994,65.68747
2015/5/20 2:00,124.8806,65.68672
2015/5/20 1:01,124.88068,65.68652
2015/5/20 0:00,124.881,65.68633
2015/5/19 23:00,124.8807,65.68667
2015/5/19 22:04,124.8812,65.68643
2015/5/19 21:00,124.8809,65.68644
2015/5/19 20:00,124.88532,65.68459
2015/5/19 19:01,124.88814,65.68446
2015/5/19 18:00,124.88836,65.68429
2015/5/19 17:02,124.8882,65.6844
2015/5/19 16:00,124.88774,65.68447
2015/5/19 15:04,124.88768,65.68479
2015/5/19 14:01,124.89098,65.68391
2015/5/19 13:00,124.8915,65.68413
2015/5/19 12:01,124.89406,65.68251
2015/5/19 11:03,125.01168,65.50196
2015/5/19 10:02,125.12818,65.16226
2015/5/19 9:00,125.12828,65.16224
2015/5/19 8:00,125.126,65.1599
2015/5/19 7:00,125.12712,65.16007
2015/5/19 6:02,125.12826,65.16186
2015/5/19 5:00,125.12804,65.16113
2015/5/19 4:00,125.12808,65.16124
2015/5/19 3:00,125.1276,65.16134
2015/5/19 2:01,125.12818,65.16109
2015/5/19 1:01,125.12814,65.16136
2015/5/19 0:03,125.12838,65.16195
2015/5/18 23:00,125.09982,65.15544
2015/5/18 22:01,125.12976,65.16671
2015/5/18 21:00,125.12942,65.16724
2015/5/18 20:01,125.1296,65.16694
2015/5/18 19:01,125.12854,65.16895
2015/5/18 18:00,125.12896,65.17228
2015/5/18 17:01,125.12822,65.17241
2015/5/18 16:02,125.12914,65.17231
2015/5/18 15:00,125.12806,65.17214
2015/5/18 14:00,125.12824,65.17292
2015/5/18 13:00,125.12706,65.17394
2015/5/18 12:01,125.12758,65.17439
2015/5/18 11:03,125.12692,65.17425
2015/5/18 10:02,125.12732,65.17441
2015/5/18 9:00,125.12668,65.17565
2015/5/18 8:01,125.12646,65.17563
2015/5/18 7:01,125.12694,65.17611
2015/5/18 6:02,125.3484,64.76618
2015/5/18 5:02,125.54516,64.55773
2015/5/18 4:01,125.54568,64.55757
2015/5/18 3:00,125.54718,64.55677
2015/5/18 2:00,125.54616,64.55758
2015/5/18 1:00,125.54608,64.55781
2015/5/18 0:00,125.54678,64.55717
2015/5/17 23:00,125.54638,64.55659
2015/5/17 22:02,125.54758,64.5569
2015/5/17 21:00,125.5467,64.5567
2015/5/17 20:02,125.54764,64.55568
2015/5/17 19:01,125.549,64.55525
2015/5/17 18:00,125.54794,64.55457
2015/5/17 17:00,125.54716,64.55579
2015/5/17 16:03,125.54902,64.55593
2015/5/17 15:00,125.54838,64.55441
2015/5/17 14:00,125.56952,64.56078
2015/5/17 13:02,125.57334,64.56671
2015/5/17 12:01,125.57332,64.56623
2015/5/17 11:00,125.57258,64.56642
2015/5/17 10:06,125.57236,64.56732
2015/5/17 9:02,125.57252,64.56669
2015/5/17 8:00,125.5732,64.56659
2015/5/17 7:01,125.57276,64.56597
2015/5/17 6:01,125.57264,64.56616
2015/5/17 5:01,125.57278,64.56649
2015/5/17 4:01,125.57206,64.56667
2015/5/17 3:00,125.57258,64.56633
2015/5/17 2:00,125.57274,64.56634
2015/5/17 1:00,125.57286,64.56687
2015/5/17 0:01,125.57244,64.56688
2015/5/16 23:03,125.57268,64.56655
2015/5/16 22:01,125.57388,64.56577
2015/5/16 21:00,125.57098,64.5662
2015/5/16 20:02,125.57248,64.56664
2015/5/16 19:01,125.57066,64.56651
2015/5/16 18:01,125.57268,64.56664
2015/5/16 17:00,125.57292,64.56664
2015/5/16 16:04,125.57252,64.56714
2015/5/16 15:01,125.57298,64.56733
2015/5/16 14:02,125.57188,64.56755
2015/5/16 13:00,125.57174,64.56742
2015/5/16 12:01,125.57264,64.56711
2015/5/16 11:01,125.57202,64.56752
2015/5/16 10:00,125.5725,64.56718
2015/5/16 9:01,125.5715,64.56735
2015/5/16 8:00,125.57376,64.56925
2015/5/16 7:01,125.57368,64.56957
2015/5/16 6:00,125.5738,64.56955
2015/5/16 5:01,125.57374,64.56946
2015/5/16 4:03,125.57356,64.56986
2015/5/16 3:02,125.57394,64.56938
2015/5/16 2:02,125.5751,64.5679
2015/5/16 1:00,125.57524,64.56804
2015/5/16 0:00,125.5755,64.56802
2015/5/15 23:00,125.5774,64.56761
2015/5/15 22:01,125.57662,64.56723
2015/5/15 21:00,125.57734,64.56712
2015/5/15 20:02,125.57736,64.56759
2015/5/15 19:02,125.57716,64.56776
2015/5/15 18:01,125.57648,64.56904
2015/5/15 17:00,125.5775,64.5675
2015/5/15 16:01,125.57754,64.56754
2015/5/15 15:00,125.5774,64.56757
2015/5/15 14:00,125.57484,64.56962
2015/5/15 13:01,125.58244,64.5666
2015/5/15 12:01,125.58044,64.56492
2015/5/15 11:00,125.5833,64.56553
2015/5/15 10:03,125.58472,64.56607
2015/5/15 9:00,125.58398,64.56587
2015/5/15 8:01,125.58364,64.5659
2015/5/15 7:00,125.58402,64.56592
2015/5/15 6:00,125.58422,64.56595
2015/5/15 5:04,125.5834,64.56587
2015/5/15 4:00,125.58386,64.56581
2015/5/15 3:04,125.58364,64.56584
2015/5/15 1:04,125.58452,64.56584
2015/5/15 0:00,125.58412,64.56592
2015/5/14 23:00,125.58414,64.56594
2015/5/14 22:00,125.58394,64.5659
2015/5/14 21:01,125.58418,64.56596
2015/5/14 20:01,125.58384,64.56584
2015/5/14 19:02,125.58386,64.5661
2015/5/14 18:01,125.58316,64.5664
2015/5/14 17:01,125.57952,64.56759
2015/5/14 15:01,125.57632,64.56863
2015/5/14 14:02,125.57648,64.5683
2015/5/14 5:05,127.37078,63.9074
2015/5/14 4:00,127.37008,63.90646
2015/5/14 3:00,127.37014,63.9065
2015/5/14 2:01,127.3697,63.90647
2015/5/14 1:00,127.36974,63.90655
2015/5/14 0:00,127.36966,63.90657
2015/5/13 23:00,127.36976,63.90653
2015/5/13 22:01,127.36972,63.90654
2015/5/13 21:00,127.37038,63.90654
2015/5/13 20:00,127.37078,63.90662
2015/5/13 19:06,127.37034,63.90662
2015/5/13 18:00,127.37206,63.90798
2015/5/13 17:00,127.33426,63.92665
2015/5/13 16:02,127.33386,63.92802
2015/5/13 15:00,127.33284,63.92764
2015/5/13 14:02,126.88738,64.09086
2015/5/13 13:02,126.66508,64.17507
2015/5/13 12:03,126.69548,64.18628
2015/5/13 10:00,126.65684,64.26808
2015/5/13 9:01,126.65682,64.26804
2015/5/13 8:01,126.65742,64.26809
2015/5/13 7:00,126.65702,64.26823
2015/5/13 6:00,126.65686,64.26801
2015/5/13 5:04,126.65668,64.26797
2015/5/13 4:01,126.65734,64.26741
2015/5/13 3:00,126.657,64.26773
2015/5/13 2:01,126.65682,64.26693
2015/5/13 1:00,126.65692,64.26772
2015/5/13 0:00,126.65702,64.26776
2015/5/12 23:01,126.65682,64.26776
2015/5/12 21:00,126.65728,64.26765
2015/5/12 20:00,126.65664,64.26783
2015/5/12 19:03,126.65734,64.26777
2015/5/12 18:02,126.6573,64.26766
2015/5/12 17:02,126.65854,64.26751
2015/5/12 14:01,126.83194,63.15977
2015/5/12 13:02,126.83148,63.16029
2015/5/12 12:00,126.83204,63.16036
2015/5/12 11:02,126.8317,63.16053
2015/5/12 10:00,126.82956,63.15542
2015/5/12 9:01,126.82928,63.15525
2015/5/12 8:00,126.82914,63.15232
2015/5/12 7:00,126.82648,63.15194
2015/5/12 6:00,126.82648,63.15219
2015/5/12 5:01,126.82646,63.15222
2015/5/12 4:02,126.82624,63.15239
2015/5/12 3:01,126.82886,63.15239
2015/5/12 1:01,126.82884,63.15238
2015/5/12 0:00,126.82872,63.15229
2015/5/11 23:01,126.82884,63.15232
2015/5/11 22:01,126.82622,63.1522
2015/5/11 21:03,126.85174,63.17315
2015/5/11 20:01,126.84902,63.09678
2015/5/11 19:01,126.8499,63.09707
2015/5/11 18:01,126.84958,63.09709
2015/5/11 17:00,126.84904,63.09661
2015/5/11 16:00,126.8494,63.09666
2015/5/11 15:00,126.8486,63.09688
2015/5/11 14:01,126.85016,63.0968
2015/5/11 13:06,126.8493,63.09673
2015/5/10 22:02,122.88128,56.41522
2015/5/10 21:01,122.96352,55.98234
2015/5/10 20:01,123.12028,55.67535
2015/5/10 19:02,123.25728,55.53503
2015/5/10 18:03,123.25714,55.53544
2015/5/10 13:06,123.25808,55.536
2015/5/10 11:06,123.63486,55.37966
2015/5/10 9:02,123.56744,54.4941
2015/5/10 8:06,123.80046,54.08809
2015/5/10 7:04,123.77874,53.61752
2015/5/10 6:00,123.9755,53.14758
2015/5/10 5:04,123.915,52.74815
2015/5/10 4:03,124.1971,52.39124
2015/5/10 3:05,124.43936,52.03986
2015/5/10 2:04,124.59508,51.68016
2015/5/10 1:05,124.62714,51.29462
2015/5/9 18:02,123.15436,46.96363
2015/5/9 16:00,122.9848,46.37131
2015/5/9 15:02,122.98206,46.37059
2015/5/9 13:01,122.98452,46.37145
2015/5/9 12:01,122.98468,46.37101
2015/5/9 11:00,122.9857,46.37205
2015/5/9 10:00,122.98526,46.36918
2015/5/9 9:02,122.97786,46.39378
2015/5/9 8:02,122.97848,46.39471
2015/5/9 7:00,122.9785,46.39478
2015/5/9 6:03,122.97708,46.39362
2015/5/9 5:01,122.97696,46.39345
2015/5/9 4:00,122.9767,46.3937
2015/5/9 3:01,122.97638,46.39374
2015/5/9 2:00,122.9767,46.39381
2015/5/9 1:00,122.97742,46.3931
2015/5/9 0:00,122.98578,46.37181
2015/5/8 23:00,122.98498,46.37183
2015/5/8 22:01,122.98568,46.37131
2015/5/8 21:01,122.97686,46.39365
2015/5/8 20:03,122.97708,46.39373
2015/5/8 19:00,122.97722,46.39351
2015/5/8 18:00,122.98438,46.37148
2015/5/8 17:00,122.97704,46.3936
2015/5/8 16:00,122.97792,46.39393
2015/5/8 15:00,122.97742,46.39341
2015/5/8 14:00,122.98406,46.372
2015/5/8 13:01,122.9837,46.37142
2015/5/8 12:02,122.98378,46.37136
2015/5/8 11:00,122.98346,46.37142
2015/5/8 10:03,122.97672,46.39345
2015/5/8 9:01,122.97674,46.39354
2015/5/8 8:02,122.9769,46.39351
2015/5/8 7:16,122.97838,46.39265
2015/5/8 5:01,122.97712,46.3938
2015/5/8 4:00,122.97672,46.39368
2015/5/8 3:00,122.97674,46.39363
2015/5/8 2:00,122.97668,46.3937
2015/5/8 1:00,122.97674,46.39355
2015/5/8 0:00,122.97846,46.39269
2015/5/7 23:02,122.97708,46.39354
2015/5/7 22:00,122.97742,46.39344
2015/5/7 21:03,122.97828,46.39253
2015/5/7 20:00,122.97818,46.39274
2015/5/7 19:01,122.97738,46.39316
2015/5/7 18:00,122.97754,46.39305
2015/5/7 17:00,122.97754,46.39298
2015/5/7 16:00,122.97698,46.39297
2015/5/7 15:00,122.97814,46.39254
2015/5/7 14:01,122.97802,46.39224
2015/5/7 13:00,122.97786,46.3926
2015/5/7 12:02,122.97794,46.39299
2015/5/7 11:00,122.9785,46.39257
2015/5/7 10:01,122.97842,46.39257
2015/5/7 9:01,122.97808,46.39248
2015/5/7 8:02,122.97824,46.39302
2015/5/7 7:00,122.97834,46.39273
2015/5/7 6:01,122.97814,46.39266
2015/5/7 5:00,122.9773,46.39344
2015/5/7 4:00,122.97796,46.39288
2015/5/7 3:00,122.97798,46.39275
2015/5/7 2:01,122.97798,46.39265
2015/5/7 1:01,122.97794,46.39284
2015/5/7 0:00,122.97826,46.3926
2015/5/6 23:00,122.97818,46.39255
2015/5/6 22:01,122.9843,46.3715
2015/5/6 21:01,122.98316,46.37076
2015/5/6 20:11,122.98414,46.37054
2015/5/6 19:00,122.98498,46.37142
2015/5/6 18:00,122.98432,46.37113
2015/5/6 17:00,122.98526,46.37139
2015/5/6 16:01,122.98464,46.37137
2015/5/6 15:00,122.98416,46.37117
2015/5/6 14:04,122.98438,46.37127
2015/5/6 10:00,122.97708,46.39361
2015/5/6 9:00,122.977,46.39369
2015/5/6 8:01,122.9769,46.39371
2015/5/6 7:01,122.97708,46.39329
2015/5/6 6:04,122.97846,46.39265
2015/5/6 4:00,122.97826,46.39245
2015/5/6 3:01,122.97806,46.39256
2015/5/6 2:00,122.97656,46.39296
2015/5/6 1:00,122.97692,46.39292
2015/5/6 0:03,122.97706,46.39349
2015/5/5 23:05,122.97724,46.39303
2015/5/5 20:05,123.5856,47.00613
2015/5/5 19:05,123.7729,47.25109
2015/5/5 18:00,122.78942,47.33175
2015/5/5 17:01,122.03522,47.71899
2015/5/5 16:00,122.03462,47.71943
2015/5/5 15:01,122.03502,47.71825
2015/5/5 14:02,122.0355,47.72015
2015/5/5 13:00,122.03556,47.72036
2015/5/5 12:01,122.0354,47.71998
2015/5/5 11:06,122.03506,47.72158
2015/5/5 5:01,122.59778,46.87648
2015/5/5 4:03,122.63342,46.79966
2015/5/5 3:00,122.63742,46.79453
2015/5/5 2:01,122.64028,46.79076
2015/5/5 1:00,122.64138,46.78768
2015/5/5 0:00,122.64616,46.7844
2015/5/4 23:00,122.97324,46.42088
2015/5/4 22:00,122.97758,46.39336
2015/5/4 21:00,122.97726,46.39339
2015/5/4 20:00,122.97788,46.39356
2015/5/4 19:00,122.97722,46.39374
2015/5/4 18:01,122.97732,46.39305
2015/5/4 17:01,122.97778,46.39308
2015/5/4 16:02,122.97774,46.39313
2015/5/4 15:05,122.97452,46.36743
2015/5/4 14:00,122.97458,46.36749
2015/5/4 13:00,122.97462,46.36735
2015/5/4 12:03,122.97466,46.36735
2015/5/4 11:02,122.97468,46.36731
2015/5/4 8:00,122.97612,46.39334
2015/5/4 7:01,122.97868,46.3925
2015/5/4 6:04,122.97848,46.39312
2015/5/4 5:00,122.97818,46.39255
2015/5/4 4:00,122.97838,46.39283
2015/5/4 3:00,122.97814,46.39253
2015/5/4 2:01,122.97768,46.39281
2015/5/4 1:00,122.98028,46.36728
2015/5/4 0:00,122.97974,46.36721
2015/5/3 23:01,122.97982,46.36726
2015/5/3 22:00,122.97974,46.36723
2015/5/3 21:01,122.97834,46.39273
2015/5/3 20:00,122.97772,46.39296
2015/5/3 19:00,122.97672,46.39329
2015/5/3 18:00,122.977,46.39375
2015/5/3 17:01,122.98368,46.3716
2015/5/3 16:04,122.97686,46.39275
2015/5/3 15:00,122.97662,46.393
2015/5/3 14:01,122.97682,46.39422
2015/5/3 13:00,122.97684,46.39416
2015/5/3 12:02,122.97684,46.39417
2015/5/3 11:11,122.97682,46.39407
2015/5/3 10:01,122.97668,46.39408
2015/5/3 9:01,122.97778,46.39257
2015/5/3 8:00,122.97808,46.39263
2015/5/3 7:00,122.97694,46.39318
2015/5/3 6:01,122.97666,46.39402
2015/5/3 5:01,122.97774,46.39414
2015/5/3 4:00,122.97836,46.39308
2015/5/3 3:01,122.97842,46.39258
2015/5/3 2:00,122.9782,46.39315
2015/5/3 1:00,122.9785,46.39293
2015/5/3 0:01,122.97802,46.3928
2015/5/2 22:01,122.97656,46.39357
2015/5/2 21:01,122.97678,46.39407
2015/5/2 20:01,122.9766,46.39417
2015/5/2 19:00,122.97652,46.3934
2015/5/2 18:01,122.97724,46.39356
2015/5/2 17:00,122.97678,46.39413
2015/5/2 16:00,122.97672,46.39342
2015/5/2 15:01,122.97668,46.39399
2015/5/2 14:01,122.977,46.39346
2015/5/2 13:00,122.9777,46.39345
2015/5/2 12:00,122.97712,46.3939
2015/5/2 11:05,122.9773,46.39397
2015/5/2 10:02,122.97692,46.39321
2015/5/2 9:00,122.97714,46.39372
2015/5/2 8:00,122.97704,46.3937
2015/5/2 7:02,122.97754,46.39319
2015/5/2 6:00,122.92424,46.36285
2015/5/2 4:00,122.98644,46.37199
2015/5/2 3:01,122.98594,46.37136
2015/5/2 2:00,122.98542,46.37146
2015/5/2 1:00,122.98668,46.37144
2015/5/2 0:00,122.98624,46.37177
2015/5/1 23:00,122.98484,46.36864
2015/5/1 22:11,122.98002,46.37034
2015/5/1 21:01,122.98004,46.37122
2015/5/1 20:00,122.97876,46.36782
2015/5/1 19:01,122.97982,46.36656
2015/5/1 18:01,122.97812,46.39355
2015/5/1 17:01,122.9768,46.3939
2015/5/1 16:00,122.97714,46.39312
2015/5/1 15:00,122.97706,46.39289
2015/5/1 14:03,122.97712,46.39257
2015/5/1 13:05,122.98178,46.36758
2015/5/1 12:00,122.9817,46.36757
2015/5/1 11:02,122.98172,46.36757
2015/5/1 10:03,122.98072,46.3677
2015/5/1 9:02,122.97808,46.37584
2015/5/1 8:01,122.97726,46.39404
2015/5/1 7:05,122.9776,46.39328
2015/5/1 6:01,122.97792,46.39336
2015/5/1 5:00,122.97768,46.39306
2015/5/1 4:00,122.97878,46.3699
2015/5/1 3:00,122.98188,46.36834
2015/5/1 2:00,122.98432,46.36857
2015/5/1 1:00,122.98618,46.37194
2015/5/1 0:00,122.98636,46.37193
2015/4/30 23:00,122.98348,46.37133
2015/4/30 22:00,122.98488,46.37112
2015/4/30 21:01,122.98488,46.36861
2015/4/30 20:02,122.98468,46.36891
2015/4/30 19:01,122.97772,46.39273
2015/4/30 18:00,122.97818,46.39304
2015/4/30 17:02,122.97836,46.39295
2015/4/30 16:02,122.9786,46.39277
2015/4/30 15:01,122.97848,46.39274
2015/4/30 14:00,122.97862,46.39292
2015/4/30 13:00,122.97822,46.39256
2015/4/30 12:00,122.97904,46.39376
2015/4/30 11:00,122.9791,46.39434
2015/4/30 10:02,122.97896,46.3945
2015/4/30 9:01,122.97758,46.39362
2015/4/30 8:01,122.97762,46.39369
2015/4/30 6:01,122.97282,46.31305
2015/4/30 5:00,122.97458,46.31243
2015/4/30 4:00,122.97418,46.31261
2015/4/30 3:00,122.97418,46.31257
2015/4/30 2:00,122.97408,46.3125
2015/4/30 1:00,122.97446,46.31246
2015/4/30 0:00,122.97436,46.31245
2015/4/29 23:00,122.97452,46.31251
2015/4/29 22:02,122.97454,46.31248
2015/4/29 19:01,122.97448,46.3125
2015/4/29 18:01,122.97448,46.3125
2015/4/29 17:00,122.97304,46.31066
2015/4/29 16:00,122.9744,46.31248
2015/4/29 15:01,122.9734,46.31152
2015/4/29 14:00,122.97362,46.31179
2015/4/29 13:01,122.97376,46.31141
2015/4/29 12:01,122.97384,46.31133
2015/4/29 11:01,122.9739,46.31072
2015/4/29 10:01,122.961,46.3024
2015/4/29 9:00,122.96172,46.3028
2015/4/29 8:01,122.96124,46.30233
2015/4/29 7:03,122.96096,46.30247
2015/4/29 6:02,122.9628,46.30341
2015/4/29 5:00,122.96282,46.30355
2015/4/29 4:00,122.96282,46.30365
2015/4/29 3:00,122.96274,46.30361
2015/4/29 2:01,122.96214,46.30351
2015/4/29 1:01,122.96122,46.30255
2015/4/29 0:00,122.96112,46.30325
2015/4/28 23:02,122.962,46.30353
2015/4/28 17:01,122.9609,46.30234
2015/4/28 16:00,122.96264,46.30053
2015/4/28 15:01,122.9627,46.30062
2015/4/28 14:01,122.97394,46.31082
2015/4/28 13:00,122.97396,46.31081
2015/4/28 12:03,122.97386,46.31072
2015/4/28 11:01,122.97368,46.31075
2015/4/28 10:00,122.97362,46.31055
2015/4/28 9:00,122.974,46.31072
2015/4/28 8:00,122.97374,46.31042
2015/4/28 6:00,122.96028,46.30312
2015/4/28 5:01,122.96032,46.30263
2015/4/28 4:01,122.96094,46.30229
2015/4/28 3:01,122.96094,46.30216
2015/4/28 2:01,122.9601,46.30294
2015/4/28 1:00,122.96,46.30301
2015/4/28 0:00,122.96066,46.30316
2015/4/27 23:00,122.96034,46.30276
2015/4/27 22:02,122.96118,46.30242
2015/4/27 21:01,122.96026,46.30297
2015/4/27 20:01,122.96002,46.30304
2015/4/27 19:01,122.96106,46.2999
2015/4/27 18:03,122.96084,46.29984
2015/4/27 17:01,122.9609,46.2999
2015/4/27 16:00,122.96092,46.30007
2015/4/27 15:01,122.96078,46.3006
2015/4/27 14:01,122.96066,46.3011
2015/4/27 13:01,122.9602,46.30118
2015/4/27 12:01,122.96014,46.30149
2015/4/27 11:01,122.96102,46.30057
2015/4/27 10:01,122.96,46.30174
2015/4/27 8:01,122.97774,46.39249
2015/4/27 7:01,122.97828,46.3928
2015/4/27 6:01,122.97768,46.39285
2015/4/27 4:01,122.98004,46.37132
2015/4/27 3:01,122.98052,46.37106
2015/4/27 2:00,122.98106,46.37131
2015/4/27 1:00,122.98086,46.37124
2015/4/27 0:00,122.97904,46.37001
2015/4/26 23:01,122.982,46.37157
2015/4/26 22:00,122.98192,46.37138
2015/4/26 21:00,122.98422,46.37094
2015/4/26 20:00,122.97932,46.36988
2015/4/26 19:00,122.97774,46.36922
2015/4/26 18:02,122.97786,46.3693
2015/4/26 17:00,122.9777,46.36791
2015/4/26 16:01,122.976,46.36665
2015/4/26 15:01,122.9762,46.36656
2015/4/26 14:03,122.97634,46.36653
2015/4/26 13:00,122.97614,46.36662
2015/4/26 12:00,122.97406,46.36837
2015/4/26 11:01,122.97432,46.36798
2015/4/26 10:01,122.97502,46.36682
2015/4/26 9:01,122.97516,46.36718
2015/4/26 8:00,122.97864,46.36897
2015/4/26 7:02,122.9779,46.3673
2015/4/26 6:01,122.978,46.36758
2015/4/26 5:00,122.9752,46.36606
2015/4/26 4:01,122.98186,46.37137
2015/4/26 2:00,122.9846,46.37198
2015/4/26 1:00,122.97868,46.3682
2015/4/26 0:00,122.9773,46.37176
2015/4/25 23:00,122.97852,46.36985
2015/4/25 22:01,122.97476,46.36803
2015/4/25 21:01,122.9743,46.36843
2015/4/25 20:01,122.97494,46.36721
2015/4/25 19:00,122.9747,46.36785
2015/4/25 18:01,122.97522,46.36735
2015/4/25 17:00,122.98184,46.36755
2015/4/25 10:01,122.98534,46.37242
2015/4/25 9:01,122.98472,46.37241
2015/4/25 8:01,122.98642,46.37237
2015/4/25 7:00,122.97768,46.39455
2015/4/25 6:01,122.97594,46.39563
2015/4/25 5:01,122.9774,46.3957
2015/4/25 3:00,122.9773,46.39623
2015/4/25 2:00,122.97654,46.39636
2015/4/25 1:00,122.9766,46.39625
2015/4/25 0:01,122.97692,46.39627
2015/4/24 23:00,122.9763,46.39604
2015/4/24 22:02,122.97598,46.39502
2015/4/24 21:01,122.97562,46.39604
2015/4/24 20:00,122.97628,46.39561
2015/4/24 19:01,122.97662,46.39417
2015/4/24 18:01,122.97696,46.39439
2015/4/24 17:00,122.98198,46.37201
2015/4/24 16:01,122.98356,46.3718
2015/4/24 15:02,122.98356,46.37178
2015/4/24 14:00,122.98364,46.37171
2015/4/24 13:01,122.9837,46.37153
2015/4/24 12:02,122.98158,46.37144
2015/4/24 11:01,122.98378,46.3715
2015/4/24 10:01,122.97878,46.36675
2015/4/24 9:01,122.97866,46.36751
2015/4/24 8:01,122.97666,46.39321
2015/4/24 7:00,122.97712,46.39347
2015/4/24 6:00,122.97898,46.39483
2015/4/24 5:01,122.97956,46.39491
2015/4/24 4:02,122.97956,46.39492
2015/4/24 3:00,122.9792,46.39427
2015/4/24 2:01,122.9789,46.39407
2015/4/24 1:00,122.97914,46.39265
2015/4/24 0:00,122.97666,46.39264
2015/4/23 23:00,122.97742,46.3931
2015/4/23 22:11,122.97682,46.39414
2015/4/23 21:00,122.97684,46.39414
2015/4/23 20:00,122.97682,46.39418
2015/4/23 19:02,122.97886,46.39275
2015/4/23 18:01,122.97984,46.39321
2015/4/23 17:02,122.98028,46.3923
2015/4/23 16:01,122.98006,46.39298
2015/4/23 12:00,122.97764,46.39295
2015/4/23 11:00,122.97784,46.39296
2015/4/23 10:01,122.97874,46.39384
2015/4/23 9:00,122.97878,46.3952
2015/4/23 8:00,122.97886,46.39425
2015/4/23 7:01,122.97814,46.39507
2015/4/23 6:03,122.97724,46.3957
2015/4/23 5:01,122.97704,46.39605
2015/4/23 4:02,122.97706,46.3959
2015/4/23 3:02,122.97694,46.39529
2015/4/23 2:00,122.9766,46.39609
2015/4/23 1:00,122.97654,46.39585
2015/4/23 0:01,122.97608,46.3953
2015/4/22 23:00,122.97678,46.3956
2015/4/22 22:02,122.97588,46.39466
2015/4/22 21:00,122.97588,46.39475
2015/4/22 20:00,122.9758,46.39548
2015/4/22 19:00,122.97714,46.39531
2015/4/22 18:02,122.97654,46.39571
2015/4/22 17:00,122.97714,46.39559
2015/4/22 16:01,122.97834,46.39526
2015/4/22 13:01,122.974,46.39581
2015/4/22 12:00,122.9755,46.39627
2015/4/22 11:00,122.97632,46.39589
2015/4/22 10:00,122.97668,46.39642
2015/4/22 9:01,122.97578,46.3964
2015/4/22 8:00,122.9753,46.39587
2015/4/22 7:01,122.97582,46.3952
2015/4/22 6:01,122.97906,46.39309
2015/4/22 4:00,122.97742,46.37149
2015/4/22 3:00,122.98246,46.37169
2015/4/22 2:00,122.98402,46.37245
2015/4/22 1:00,122.98514,46.37251
2015/4/22 0:00,122.98576,46.37226
2015/4/21 23:01,122.98464,46.37234
2015/4/21 22:00,122.9826,46.37181
2015/4/21 21:03,122.98246,46.37175
2015/4/21 16:02,123.2754,47.4486
2015/4/21 15:01,123.40942,47.33147
2015/4/21 14:00,123.4096,47.3316
2015/4/21 13:01,123.35146,47.34843
2015/4/21 12:01,123.35388,47.34784
2015/4/21 11:01,123.35436,47.34832
2015/4/21 8:02,123.3538,47.34775
2015/4/21 7:01,123.35348,47.34811
2015/4/21 6:00,123.35358,47.34879
2015/4/21 5:01,123.35316,47.34896
2015/4/21 4:02,123.35366,47.34903
2015/4/21 3:01,123.35402,47.34918
2015/4/21 2:01,123.35404,47.34921
2015/4/21 1:00,123.35364,47.34866
2015/4/21 0:00,123.35378,47.34845
2015/4/20 23:01,123.35358,47.34897
2015/4/20 22:01,123.35322,47.34907
2015/4/20 21:01,123.3538,47.34878
2015/4/20 20:00,123.3531,47.34913
2015/4/20 19:00,123.35456,47.34803
2015/4/20 18:01,123.35514,47.34788
2015/4/20 17:00,123.35428,47.34779
2015/4/20 16:01,123.35426,47.34782
2015/4/20 15:00,123.35426,47.34785
2015/4/20 14:02,123.35414,47.34805
2015/4/20 13:02,123.3543,47.34779
2015/4/20 12:00,123.35422,47.34785
2015/4/20 11:01,123.35386,47.34855
2015/4/20 10:00,123.35364,47.3488
2015/4/20 9:00,123.35416,47.34814
2015/4/20 8:01,123.35366,47.34883
2015/4/20 7:01,123.35358,47.349
2015/4/20 6:01,123.35408,47.3481
2015/4/20 5:00,123.3522,47.3478
2015/4/20 3:01,123.35344,47.34901
2015/4/20 2:00,123.35348,47.34909
2015/4/20 1:01,123.35388,47.34899
2015/4/20 0:00,123.3535,47.3488
2015/4/19 23:01,123.35342,47.34882
2015/4/19 22:02,123.35356,47.34876
2015/4/19 21:00,123.35346,47.34888
2015/4/19 20:00,123.35296,47.34906
2015/4/19 19:00,123.35306,47.34905
2015/4/19 18:00,123.35418,47.34783
2015/4/19 17:00,123.35418,47.34786
2015/4/19 16:01,123.3542,47.34777
2015/4/19 15:01,123.35432,47.34816
2015/4/19 14:01,123.3538,47.34773
2015/4/19 13:00,123.35358,47.34761
2015/4/19 12:00,123.35522,47.34819
2015/4/19 11:00,123.35422,47.34782
2015/4/19 9:01,123.35382,47.34776
2015/4/19 8:01,123.3545,47.34794
2015/4/19 7:01,123.35342,47.3481
2015/4/19 6:00,123.35354,47.34819
2015/4/19 5:00,123.35268,47.34813
2015/4/19 4:01,123.353,47.34801
2015/4/19 3:00,123.35232,47.34794
2015/4/19 2:00,123.35344,47.34819
2015/4/19 1:00,123.35312,47.34808
2015/4/19 0:01,123.35278,47.34818
2015/4/18 23:00,123.35268,47.34803
2015/4/18 22:00,123.3531,47.34812
2015/4/18 21:00,123.35232,47.34837
2015/4/18 20:00,123.35228,47.34846
2015/4/18 19:00,123.35228,47.34841
2015/4/18 18:00,123.35222,47.34823
2015/4/18 17:01,123.35228,47.34858
2015/4/18 16:00,123.28076,47.45211
2015/4/18 15:00,123.29186,47.44397
2015/4/18 14:02,123.29184,47.44397
2015/4/18 13:00,123.2919,47.44381
2015/4/18 12:00,123.29212,47.44368
2015/4/18 11:00,123.2879,47.44475
2015/4/18 10:00,123.2859,47.45106
2015/4/18 9:00,123.2824,47.44979
2015/4/18 8:00,123.28228,47.44985
2015/4/18 7:01,123.28248,47.44983
2015/4/18 6:01,123.28738,47.44267
2015/4/18 5:01,123.28694,47.44288
2015/4/18 4:00,123.33042,47.415
2015/4/18 3:00,123.32626,47.41609
2015/4/18 2:00,123.32634,47.41576
2015/4/18 1:00,123.33148,47.41762
2015/4/18 0:00,123.33464,47.41762
2015/4/17 23:00,123.33324,47.41792
2015/4/17 22:02,123.3306,47.41903
2015/4/17 21:00,123.33326,47.41817
2015/4/17 20:00,123.33224,47.41819
2015/4/17 19:01,123.29188,47.44381
2015/4/17 17:00,123.4502,47.35174
2015/4/17 16:00,123.45358,47.35349
2015/4/17 15:00,123.45436,47.35307
2015/4/17 14:00,123.33184,47.41741
2015/4/17 13:00,123.33102,47.4172
2015/4/17 12:00,123.3314,47.41742
2015/4/17 11:01,123.33032,47.41861
2015/4/17 10:02,123.43044,47.34212
2015/4/17 9:02,123.33114,47.41726
2015/4/17 8:01,123.33076,47.41725
2015/4/17 7:01,123.3303,47.41706
2015/4/17 6:00,123.3309,47.41747
2015/4/17 5:00,123.32748,47.41536
2015/4/17 4:00,123.3251,47.41509
2015/4/17 3:01,123.32436,47.41541
2015/4/17 2:00,123.32494,47.41502
2015/4/17 1:01,123.32602,47.41631
2015/4/17 0:00,123.32614,47.41578
2015/4/16 23:00,123.32614,47.41592
2015/4/16 22:00,123.3235,47.41407
2015/4/16 21:00,123.32468,47.41349
2015/4/16 20:00,123.32522,47.41565
2015/4/16 19:00,123.32522,47.41485
2015/4/16 18:00,123.33064,47.4053
2015/4/16 17:00,123.3306,47.40559
2015/4/16 16:03,123.33822,47.41319
2015/4/16 15:02,123.33838,47.41329
2015/4/16 14:01,123.3242,47.41546
2015/4/16 13:01,123.32312,47.41384
2015/4/16 12:02,123.32448,47.41551
2015/4/16 11:00,123.32492,47.41573
2015/4/16 9:00,123.32528,47.41756
2015/4/16 8:00,123.32788,47.41818
2015/4/16 7:00,123.3285,47.41958
2015/4/16 6:00,123.32464,47.41563
2015/4/16 5:01,123.32572,47.41549
2015/4/16 4:00,123.3258,47.41637
2015/4/16 3:00,123.32602,47.41653
2015/4/16 2:00,123.32588,47.4166
2015/4/16 1:00,123.32576,47.4173
2015/4/16 0:01,123.32572,47.41737
2015/4/15 23:01,123.3254,47.41727
2015/4/15 22:01,123.32636,47.41831
2015/4/15 21:00,123.327,47.4186
2015/4/15 20:00,123.32582,47.41665
2015/4/15 19:00,123.3247,47.41712
2015/4/15 18:00,123.3246,47.41691
2015/4/15 17:00,123.32522,47.41762
2015/4/15 16:00,123.32748,47.41861
2015/4/15 15:01,123.3294,47.41883
2015/4/15 14:01,123.32982,47.41835
2015/4/15 13:01,123.32982,47.41847
2015/4/15 12:00,123.33016,47.41927
2015/4/15 11:00,123.3293,47.41913
2015/4/15 10:00,123.33084,47.41758
2015/4/15 9:01,123.3382,47.41254
2015/4/15 7:00,123.31252,47.45762
2015/4/15 6:00,123.31284,47.45871
2015/4/15 5:00,123.36872,47.6115
2015/4/15 3:00,123.13654,46.95646
2015/4/15 2:00,122.73456,46.48872
2015/4/15 1:01,122.74558,46.48481
2015/4/14 23:14,121.85646,45.46778
2015/4/14 22:00,121.59,45.08942
2015/4/14 21:00,121.59228,45.08559
2015/4/14 20:01,121.58904,45.08033
2015/4/14 18:01,121.6718,44.63308
2015/4/14 17:00,121.67152,44.63269
2015/4/14 16:00,121.6715,44.63284
2015/4/14 15:02,121.67152,44.63297
2015/4/14 14:02,121.67222,44.63271
2015/4/14 9:01,121.67046,44.63139
2015/4/14 8:00,121.67052,44.63127
2015/4/14 7:00,121.66998,44.63084
2015/4/14 6:00,121.66672,44.63044
2015/4/14 5:00,121.6655,44.62968
2015/4/14 4:01,121.66638,44.63192
2015/4/14 3:00,121.66714,44.63096
2015/4/14 2:00,121.66654,44.63192
2015/4/14 1:00,121.66674,44.63211
2015/4/14 0:00,121.66734,44.63301
2015/4/13 23:01,121.66818,44.63285
2015/4/13 22:01,121.67852,44.63235
2015/4/13 21:00,121.67962,44.63259
2015/4/13 20:00,121.67922,44.63271
2015/4/13 19:00,121.67126,44.63211
2015/4/13 18:00,121.2666,44.31363
2015/4/13 17:00,121.23652,44.26982
2015/4/13 16:01,121.23632,44.26966
2015/4/13 15:00,121.23658,44.2699
2015/4/13 14:00,121.23672,44.2698
2015/4/13 13:01,121.2388,44.26914
2015/4/13 12:00,121.23846,44.26898
2015/4/13 11:00,121.2372,44.26975
2015/4/13 10:01,121.23674,44.26997
2015/4/13 9:00,121.23672,44.26982
2015/4/13 8:01,121.23638,44.27006
2015/4/13 7:00,121.23636,44.27007
2015/4/13 6:01,121.23618,44.27017
2015/4/13 5:00,121.23626,44.26989
2015/4/13 4:00,121.22354,44.25092
2015/4/13 3:00,121.21968,44.25039
2015/4/13 2:00,121.2211,44.2489
2015/4/13 1:01,121.2204,44.24985
2015/4/13 0:01,121.2217,44.25159
2015/4/12 22:00,121.22204,44.24752
2015/4/12 21:00,121.22238,44.25126
2015/4/12 20:01,121.22218,44.25123
2015/4/12 19:00,121.2196,44.25045
2015/4/12 18:01,121.2395,44.27044
2015/4/12 17:00,121.2392,44.27048
2015/4/12 16:01,121.24004,44.27017
2015/4/12 15:01,121.24302,44.27039
2015/4/12 14:01,121.23544,44.26993
2015/4/12 13:00,121.23482,44.27055
2015/4/12 12:00,121.23614,44.27011
2015/4/12 11:01,121.2361,44.27009
2015/4/12 10:01,121.23598,44.26999
2015/4/12 9:00,121.23476,44.27061
2015/4/12 8:00,121.2333,44.27098
2015/4/12 7:01,121.2354,44.27038
2015/4/12 6:00,121.23588,44.27
2015/4/12 5:00,121.2363,44.26978
2015/4/12 4:00,121.23584,44.26992
2015/4/12 3:00,121.23554,44.27015
2015/4/12 2:00,121.23822,44.26897
2015/4/12 1:02,121.23806,44.26913
2015/4/11 23:00,121.23878,44.26857
2015/4/11 22:00,121.23864,44.26868
2015/4/11 21:00,121.23746,44.2696
2015/4/11 20:00,121.23488,44.2705
2015/4/11 19:01,121.23688,44.26973
2015/4/11 18:00,121.23678,44.26976
2015/4/11 17:02,121.2354,44.27007
2015/4/11 16:01,121.23878,44.26894
2015/4/11 15:01,121.23814,44.26896
2015/4/11 14:00,121.2361,44.26992
2015/4/11 13:00,121.23508,44.2705
2015/4/11 12:00,121.23332,44.27093
2015/4/11 11:00,121.22914,44.27093
2015/4/11 10:00,121.22956,44.26986
2015/4/11 9:01,121.22934,44.27048
2015/4/11 8:03,121.22926,44.27096
2015/4/11 7:01,121.0426,44.05138
2015/4/11 6:01,121.04466,43.96782
2015/4/11 5:00,121.0442,43.96972
2015/4/11 4:00,121.04416,43.96961
2015/4/11 3:00,121.04422,43.9696
2015/4/11 2:00,121.0442,43.96773
2015/4/11 1:00,121.04436,43.96878
2015/4/11 0:00,121.04396,43.96966
2015/4/10 23:00,121.04462,43.96889
2015/4/10 22:00,121.04418,43.9684
2015/4/10 21:00,121.0445,43.9689
2015/4/10 20:01,121.04458,43.96868
2015/4/10 19:00,121.04428,43.96834
2015/4/10 18:00,121.16502,43.88438
2015/4/10 17:00,121.2224,43.8243
2015/4/10 16:00,121.22644,43.8242
2015/4/10 15:00,121.22846,43.82427
2015/4/10 14:01,121.22876,43.82421
2015/4/10 13:01,121.22868,43.8241
2015/4/10 12:00,121.22854,43.82421
2015/4/10 11:00,121.2286,43.82419
2015/4/10 10:00,121.25718,43.81684
2015/4/10 9:00,121.25654,43.82075
2015/4/10 8:02,120.98582,43.68842
2015/4/10 7:01,120.915,43.395
2015/4/10 6:01,120.65844,43.36492
2015/4/10 5:00,120.41116,43.26692
2015/4/10 4:00,120.41234,43.26641
2015/4/10 3:00,120.4112,43.267
2015/4/10 2:01,120.41292,43.26622
2015/4/10 1:01,120.41156,43.26701
2015/4/9 23:03,119.89008,42.84607
2015/4/9 22:02,119.52828,42.74765
2015/4/9 21:01,118.8705,42.85643
2015/4/9 20:00,117.98724,43.26769
2015/4/9 19:01,117.17596,43.52531
2015/4/9 18:02,116.84274,43.37215
2015/4/9 16:00,116.24808,43.26182
2015/4/9 15:00,116.24806,43.26191
2015/4/9 14:01,116.24804,43.26187
2015/4/9 13:00,116.2483,43.2617
2015/4/9 12:00,116.24818,43.26211
2015/4/9 11:00,116.18132,43.26775
2015/4/9 10:00,116.18092,43.26757
2015/4/9 9:00,116.18086,43.26757
2015/4/9 8:00,116.18078,43.26765
2015/4/9 7:00,116.18062,43.26762
2015/4/9 6:00,116.18042,43.2674
2015/4/9 5:00,116.18046,43.26728
2015/4/9 4:00,116.18046,43.26733
2015/4/9 3:00,116.18044,43.26735
2015/4/9 2:00,116.1804,43.26728
2015/4/9 1:00,116.18022,43.26731
2015/4/9 0:00,116.18026,43.26749
2015/4/8 23:00,116.17978,43.26677
2015/4/8 22:00,116.17932,43.26682
2015/4/8 21:01,116.18998,43.26759
2015/4/8 20:01,116.21666,43.26652
2015/4/8 19:00,115.96916,43.13011
2015/4/8 18:00,115.31064,42.87222
2015/4/8 17:01,115.13276,42.70235
2015/4/8 16:00,115.13316,42.70241
2015/4/8 15:00,115.1338,42.70217
2015/4/8 14:01,115.1345,42.70187
2015/4/8 13:00,115.13602,42.70091
2015/4/8 12:00,115.13606,42.70026
2015/4/8 11:00,115.136,42.70027
2015/4/8 10:00,115.13604,42.70026
2015/4/8 9:01,115.13422,42.70129
2015/4/8 8:00,115.13408,42.7012
2015/4/8 7:02,115.134,42.7012
2015/4/8 6:01,115.13384,42.70092
2015/4/8 5:00,115.13394,42.70072
2015/4/8 4:00,115.13384,42.70084
2015/4/8 3:00,115.13448,42.70089
2015/4/8 2:00,115.13462,42.70097
2015/4/8 0:02,115.13426,42.70099
2015/4/7 23:00,115.13458,42.70095
2015/4/7 22:00,115.13434,42.70119
2015/4/7 21:00,115.13424,42.7005
2015/4/7 20:00,115.13516,42.70087
2015/4/7 19:00,115.13664,42.70031
2015/4/7 18:00,115.13558,42.70101
2015/4/7 17:00,115.13422,42.70206
2015/4/7 16:01,115.13416,42.70172
2015/4/7 15:00,115.1332,42.70236
2015/4/7 14:00,115.13278,42.70146
2015/4/7 13:00,115.13314,42.70114
2015/4/7 12:00,115.13326,42.70112
2015/4/7 11:00,115.1334,42.70112
2015/4/7 9:01,115.13342,42.70114
2015/4/7 8:01,115.13346,42.70114
2015/4/7 7:00,115.13328,42.70109
2015/4/7 6:00,115.13324,42.70112
2015/4/7 5:00,115.13336,42.70124
2015/4/7 4:02,115.1335,42.70105
2015/4/7 3:00,115.13334,42.7013
2015/4/7 2:00,115.13338,42.70133
2015/4/7 1:00,115.1334,42.70127
2015/4/7 0:00,115.13322,42.7012
2015/4/6 23:01,115.13288,42.70145
2015/4/6 22:01,115.13278,42.70133
2015/4/6 21:00,115.13242,42.70111
2015/4/6 20:01,115.1328,42.70135
2015/4/6 19:00,115.13278,42.7023
2015/4/6 18:00,115.13142,42.7006
2015/4/6 17:00,115.1298,42.70123
2015/4/6 16:00,115.12936,42.70093
2015/4/6 15:00,115.12924,42.70039
2015/4/6 14:00,115.12986,42.70054
2015/4/6 13:00,115.13694,42.69586
2015/4/6 12:00,115.13682,42.69589
2015/4/6 11:01,115.13682,42.69587
2015/4/6 10:01,115.13694,42.69599
2015/4/6 9:00,115.13686,42.69587
2015/4/6 8:00,115.1369,42.69576
2015/4/6 7:00,115.12898,42.70714
2015/4/6 6:00,115.12856,42.70708
2015/4/6 5:00,115.12854,42.70707
2015/4/6 4:01,115.12858,42.70702
2015/4/6 3:00,115.1285,42.7071
2015/4/6 2:00,115.12842,42.70705
2015/4/6 1:00,115.12818,42.70766
2015/4/6 0:01,115.1282,42.70769
2015/4/5 23:00,115.12804,42.70758
2015/4/5 22:00,115.12802,42.70765
2015/4/5 21:00,115.1281,42.7076
2015/4/5 20:00,115.12874,42.70766
2015/4/5 19:00,115.12878,42.70771
2015/4/5 18:00,115.13194,42.69491
2015/4/5 17:00,115.13182,42.69528
2015/4/5 16:00,115.129,42.70783
2015/4/5 15:00,115.12912,42.70778
2015/4/5 14:00,115.13172,42.70175
2015/4/5 13:00,115.13196,42.70197
2015/4/5 12:00,115.13164,42.70173
2015/4/5 11:00,115.13166,42.70175
2015/4/5 10:01,115.13146,42.70186
2015/4/5 9:00,115.13162,42.70186
2015/4/5 8:00,115.13158,42.70192
2015/4/5 7:00,115.1321,42.70165
2015/4/5 6:01,115.13202,42.70181
2015/4/5 5:00,115.132,42.70178
2015/4/5 4:00,115.13196,42.70178
2015/4/5 3:00,115.13198,42.70179
2015/4/5 2:00,115.13094,42.70172
2015/4/5 1:02,115.13864,42.694
2015/4/5 0:01,115.13856,42.69406
2015/4/4 23:01,115.1385,42.69419
2015/4/4 22:00,115.13306,42.70224
2015/4/4 21:00,115.13162,42.70188
2015/4/4 20:00,115.13284,42.70136
2015/4/4 19:00,115.13322,42.70178
2015/4/4 18:00,115.1353,42.7012
2015/4/4 17:01,115.136,42.7008
2015/4/4 16:01,115.13616,42.70104
2015/4/4 15:00,115.13594,42.70086
2015/4/4 14:00,115.1363,42.70078
2015/4/4 13:01,115.13638,42.70063
2015/4/4 12:00,115.13664,42.70038
2015/4/4 11:00,115.1368,42.6997
2015/4/4 10:00,115.13478,42.70106
2015/4/4 9:00,115.13078,42.70037
2015/4/4 8:00,115.1309,42.70017
2015/4/4 7:00,115.13034,42.70142
2015/4/4 6:01,115.13036,42.7016
2015/4/4 5:00,115.13032,42.70163
2015/4/4 4:00,115.13018,42.70168
2015/4/4 3:00,115.1299,42.70234
2015/4/4 2:01,115.13008,42.70197
2015/4/4 1:00,115.1311,42.70194
2015/4/4 0:00,115.13424,42.70173
2015/4/3 23:00,115.13398,42.70183
2015/4/3 22:00,115.13292,42.70154
2015/4/3 21:01,115.13292,42.70131
2015/4/3 20:00,115.13296,42.70103
2015/4/3 19:02,115.03924,42.60136
2015/4/3 17:01,114.81064,41.40279
2015/4/3 16:00,114.81046,41.40303
2015/4/3 15:00,114.81054,41.40282
2015/4/3 14:00,114.81044,41.40266
2015/4/3 13:00,114.81056,41.40528
2015/4/3 12:00,114.81102,41.40292
2015/4/3 11:00,114.81036,41.40287
2015/4/3 10:00,114.8106,41.40264
2015/4/3 9:00,114.80994,41.40217
2015/4/3 8:01,114.81162,41.40124
2015/4/3 7:03,114.5266,41.53202
2015/4/3 0:02,111.20128,40.7043
2015/4/2 23:01,110.58686,40.56173
2015/4/2 22:00,110.27772,40.49538
2015/4/2 21:00,110.27754,40.49536
2015/4/2 20:01,110.27822,40.49526
2015/4/2 19:00,110.27788,40.49518
2015/4/2 18:00,110.2778,40.49512
2015/4/2 17:03,110.27668,40.49547
2015/4/2 16:00,110.27656,40.49553
2015/4/2 15:00,110.2766,40.49544
2015/4/2 14:01,110.2785,40.49536
2015/4/2 13:00,110.27858,40.49529
2015/4/2 12:01,110.2785,40.49533
2015/4/2 11:00,110.21658,40.47184
2015/4/2 10:01,110.2217,40.49022
2015/4/2 9:01,110.21286,40.48702
2015/4/2 8:00,110.21288,40.48701
2015/4/2 7:00,110.213,40.48681
2015/4/2 6:00,110.21354,40.48268
2015/4/2 4:00,110.2102,40.4821
2015/4/2 3:00,110.21012,40.48235
2015/4/2 2:00,110.21216,40.48158
2015/4/2 1:01,110.21292,40.48118
2015/4/1 23:00,110.21232,40.48219
2015/4/1 22:00,110.21272,40.48672
2015/4/1 21:00,110.21298,40.48685
2015/4/1 20:00,110.2129,40.48669
2015/4/1 19:00,110.2129,40.48685
2015/4/1 18:01,110.21306,40.48678
2015/4/1 15:02,110.21318,40.48687
2015/4/1 14:01,110.21308,40.48686
2015/4/1 13:00,110.21272,40.48705
2015/4/1 12:00,110.24408,40.51735
2015/4/1 11:00,110.24362,40.51694
2015/4/1 10:00,110.24488,40.51743
2015/4/1 9:01,110.24684,40.51835
2015/4/1 8:00,110.24674,40.51821
2015/4/1 7:00,110.2454,40.51765
2015/4/1 6:00,110.24526,40.51746
2015/4/1 5:00,110.2451,40.5174
2015/4/1 4:01,110.24434,40.51744
2015/4/1 3:00,110.24332,40.51739
2015/4/1 2:00,110.2431,40.51671
2015/4/1 1:00,110.24462,40.51718
2015/4/1 0:00,110.24468,40.51744
2015/3/31 23:00,110.24364,40.51856
2015/3/31 22:00,110.24388,40.51892
2015/3/31 21:01,110.21452,40.50279
2015/3/31 20:00,110.21446,40.50273
2015/3/31 19:01,110.21488,40.50335
2015/3/31 18:00,110.21458,40.50274
2015/3/31 17:01,110.21472,40.50276
2015/3/31 15:00,110.24252,40.51966
2015/3/31 14:01,110.24218,40.52085
2015/3/31 13:00,110.24056,40.52241
2015/3/31 12:00,110.2391,40.52228
2015/3/31 11:00,110.23926,40.52272
2015/3/31 10:11,110.23968,40.52292
2015/3/31 9:01,110.23942,40.52344
2015/3/31 8:03,110.24006,40.52371
2015/3/31 7:00,110.24044,40.52237
2015/3/31 6:01,110.21582,40.49793
2015/3/31 5:00,110.21606,40.49826
2015/3/31 4:01,110.21646,40.49829
2015/3/31 3:01,110.21654,40.49826
2015/3/31 2:00,110.21494,40.49754
2015/3/31 1:00,110.2147,40.50035
2015/3/31 0:01,110.21474,40.50035
2015/3/30 23:01,110.21432,40.50037
2015/3/30 22:00,110.21468,40.50035
2015/3/30 21:01,110.24722,40.51252
2015/3/30 20:00,110.24608,40.51273
2015/3/30 19:00,110.24752,40.51238
2015/3/30 18:00,110.21334,40.48902
2015/3/30 17:00,110.21536,40.49133
2015/3/30 16:01,110.2168,40.49321
2015/3/30 15:00,110.21678,40.49332
2015/3/30 14:01,110.21208,40.48723
2015/3/30 13:01,110.21206,40.4873
2015/3/30 12:00,110.21202,40.48737
2015/3/30 11:00,110.20995,40.48625
2015/3/30 10:00,110.21194,40.48735
2015/3/30 9:01,110.21162,40.48749
2015/3/30 8:01,110.21094,40.48733
2015/3/30 7:01,110.21092,40.48718
2015/3/30 6:11,110.21016,40.4861
2015/3/30 5:00,110.20997,40.48618
2015/3/30 4:00,110.21034,40.48773
2015/3/30 3:00,110.20994,40.48722
2015/3/30 2:00,110.21216,40.48648
2015/3/30 1:00,110.2123,40.48624
2015/3/30 0:01,110.21102,40.48514
2015/3/29 23:00,110.20979,40.48322
2015/3/29 22:00,110.21096,40.48255
2015/3/29 21:00,110.21082,40.48274
2015/3/29 20:00,110.21245,40.48285
2015/3/29 19:00,110.21003,40.48516
2015/3/29 18:01,110.21046,40.4877
2015/3/29 17:02,110.21049,40.4881
2015/3/29 16:01,110.2138,40.49009
2015/3/29 15:11,110.21226,40.48691
2015/3/29 14:00,110.20877,40.48699
2015/3/29 8:01,110.21096,40.48674
2015/3/29 7:00,110.21011,40.48617
2015/3/29 6:00,110.21094,40.4869
2015/3/29 5:00,110.21178,40.48699
2015/3/29 4:01,110.21178,40.48765
2015/3/29 3:02,110.21099,40.49016
2015/3/29 2:01,110.2118,40.48728
2015/3/29 1:01,110.21182,40.48584
2015/3/29 0:00,110.21079,40.48595
2015/3/28 23:00,110.20971,40.48722
2015/3/28 22:00,110.21164,40.48546
2015/3/28 21:00,110.21305,40.48653
2015/3/28 20:01,110.21162,40.48749
2015/3/28 19:00,110.21024,40.48799
2015/3/28 18:00,110.2126,40.48864
2015/3/28 16:00,110.21186,40.48747
2015/3/28 15:00,110.21112,40.48307
2015/3/28 14:00,110.21149,40.48515
2015/3/28 13:00,110.22662,40.48635
2015/3/28 12:00,110.23795,40.48534
2015/3/28 11:00,110.2378,40.48455
2015/3/28 10:00,110.2378,40.48691
2015/3/28 9:00,110.24027,40.48663
2015/3/28 8:00,110.23796,40.48505
2015/3/28 7:00,110.23783,40.48547
2015/3/28 6:02,110.23727,40.48501
2015/3/28 5:01,110.23719,40.485
2015/3/28 4:00,110.23733,40.48516
2015/3/28 3:00,110.23656,40.4846
2015/3/28 2:00,110.23796,40.48602
2015/3/28 1:00,110.23776,40.4875
2015/3/28 0:00,110.23896,40.48728
2015/3/27 23:00,110.23997,40.48697
2015/3/27 22:00,110.23768,40.48535
2015/3/27 21:00,110.23789,40.48742
2015/3/27 20:00,110.23917,40.48743
2015/3/27 19:01,110.23828,40.48716
2015/3/27 18:00,110.23784,40.48685
2015/3/27 17:01,110.23821,40.48587
2015/3/27 16:00,110.23759,40.48752
2015/3/27 15:00,110.2383,40.48734
2015/3/27 14:00,110.2378,40.48759
2015/3/27 13:01,110.23829,40.48737
2015/3/27 12:00,110.23918,40.48644
2015/3/27 11:00,110.2395,40.48678
2015/3/27 10:00,110.23222,40.48731
2015/3/27 9:00,110.23275,40.48738
2015/3/27 8:00,110.23278,40.48723
2015/3/27 7:00,110.2332,40.48692
2015/3/27 6:01,110.23317,40.48697
2015/3/27 5:02,110.23303,40.48702
2015/3/27 2:00,110.23328,40.48752
2015/3/27 1:01,110.2329,40.48754
2015/3/26 23:01,110.23264,40.48754
2015/3/26 22:00,110.23269,40.48751
2015/3/26 21:00,110.23267,40.4876
2015/3/26 20:01,110.23229,40.48757
2015/3/26 19:02,110.23037,40.48936
2015/3/26 16:01,110.23414,40.49096
2015/3/26 14:00,110.23154,40.48909
2015/3/26 13:00,110.23193,40.48865
2015/3/26 12:01,110.23188,40.48761
2015/3/26 11:01,110.23222,40.48691
2015/3/26 10:00,110.2199,40.48437
2015/3/26 9:00,110.21996,40.48445
2015/3/26 8:00,110.21999,40.48435
2015/3/26 7:00,110.22002,40.48431
2015/3/26 6:00,110.22002,40.48431
2015/3/26 5:00,110.21992,40.48417
2015/3/26 4:00,110.2189,40.48465
2015/3/26 3:01,110.22058,40.48339
2015/3/26 2:01,110.22258,40.48484
2015/3/26 1:00,110.22238,40.48457
2015/3/26 0:00,110.22052,40.48399
2015/3/25 23:00,110.22083,40.4837
2015/3/25 22:00,110.22235,40.4846
2015/3/25 21:00,110.22221,40.48463
2015/3/25 20:00,110.22032,40.48446
2015/3/25 19:01,110.20641,40.4925
2015/3/25 18:01,110.17395,40.53225
2015/3/25 17:01,110.17335,40.5321
2015/3/25 16:01,110.17255,40.53157
2015/3/25 15:00,110.17217,40.53166
2015/3/25 14:00,110.17199,40.53424
2015/3/25 13:00,110.17193,40.53426
2015/3/25 12:00,110.17855,40.52579
2015/3/25 11:00,110.18034,40.51105
2015/3/25 10:00,110.18068,40.51106
2015/3/25 9:00,110.18007,40.51105
2015/3/25 8:00,110.18007,40.51183
2015/3/25 7:00,110.18018,40.51251
2015/3/25 6:00,110.17975,40.51235
2015/3/25 5:00,110.17984,40.51248
2015/3/25 4:01,110.17967,40.51229
2015/3/25 3:00,110.17943,40.51213
2015/3/25 2:00,110.18018,40.51118
2015/3/25 1:00,110.17962,40.51254
2015/3/25 0:00,110.17897,40.51249
2015/3/24 23:00,110.18013,40.51236
2015/3/24 22:00,110.17989,40.51154
2015/3/24 21:00,110.17982,40.51221
2015/3/24 20:00,110.17992,40.51225
2015/3/24 19:01,110.18013,40.51268
2015/3/24 18:00,110.18008,40.51245
2015/3/24 17:00,110.17989,40.51281
2015/3/24 16:00,110.17889,40.51268
2015/3/24 15:00,110.17786,40.52421
2015/3/24 14:00,110.17257,40.51525
2015/3/24 13:01,110.1739,40.51559
2015/3/24 12:01,110.17395,40.51606
2015/3/24 11:00,110.17388,40.5155
2015/3/24 10:01,110.17471,40.5161
2015/3/24 9:00,110.17464,40.51682
2015/3/24 8:00,110.17498,40.51669
2015/3/24 7:00,110.17484,40.51651
2015/3/24 6:00,110.1748,40.51653
2015/3/24 5:00,110.17485,40.51644
2015/3/24 4:00,110.17478,40.5165
2015/3/24 3:00,110.17477,40.51647
2015/3/24 2:00,110.17479,40.51652
2015/3/24 1:00,110.17456,40.51619
2015/3/24 0:00,110.17472,40.51634
2015/3/23 23:00,110.17526,40.51753
2015/3/23 22:00,110.17512,40.51683
2015/3/23 21:00,110.17516,40.51671
2015/3/23 20:00,110.17512,40.51668
2015/3/23 19:00,110.17396,40.51554
2015/3/23 18:00,110.17426,40.51654
2015/3/23 17:00,110.17574,40.5163
2015/3/23 16:01,110.17327,40.53149
2015/3/23 15:00,110.17431,40.53175
2015/3/23 14:00,110.17415,40.53225
2015/3/23 13:00,110.17533,40.53045
2015/3/23 12:01,110.17662,40.53083
2015/3/23 11:00,110.17647,40.53064
2015/3/23 10:01,110.17608,40.53103
2015/3/23 9:01,110.17726,40.53164
2015/3/23 8:00,110.1773,40.53156
2015/3/23 7:00,110.17738,40.53148
2015/3/23 6:01,110.17739,40.53164
2015/3/23 5:00,110.17738,40.53154
2015/3/23 4:00,110.1774,40.53155
2015/3/23 3:00,110.17833,40.53109
2015/3/23 2:00,110.17794,40.53039
2015/3/23 1:00,110.17985,40.52845
2015/3/23 0:00,110.1798,40.52804
2015/3/22 23:00,110.17984,40.52858
2015/3/22 22:00,110.17951,40.52695
2015/3/22 21:00,110.17733,40.52503
2015/3/22 20:00,110.17801,40.52451
2015/3/22 19:00,110.17481,40.51936
2015/3/22 18:00,110.17486,40.51937
2015/3/22 17:00,110.17405,40.51965
2015/3/22 16:00,110.17352,40.5192
2015/3/22 15:01,110.17416,40.51983
2015/3/22 14:00,110.17398,40.51993
2015/3/22 13:00,110.1737,40.51931
2015/3/22 12:00,110.17765,40.52334
2015/3/22 11:01,110.17519,40.53053
2015/3/22 10:02,110.1753,40.53047
2015/3/22 9:00,110.17282,40.5325
2015/3/22 8:01,110.17634,40.53296
2015/3/22 7:01,110.17638,40.53289
2015/3/22 6:00,110.17622,40.53288
2015/3/22 5:00,110.17603,40.53285
2015/3/22 4:00,110.17616,40.53335
2015/3/22 3:00,110.17624,40.5332
2015/3/22 2:00,110.1768,40.53274
2015/3/22 1:01,110.17658,40.53305
2015/3/22 0:00,110.17708,40.53168
2015/3/21 23:00,110.1776,40.53178
2015/3/21 22:00,110.17756,40.53134
2015/3/21 21:00,110.17742,40.53164
2015/3/21 20:00,110.17766,40.53139
2015/3/21 19:00,110.17507,40.53085
2015/3/21 18:00,110.17504,40.53082
2015/3/21 17:00,110.17375,40.5304
2015/3/21 16:00,110.17402,40.53053
2015/3/21 15:01,110.17255,40.53191
2015/3/21 14:01,110.17182,40.53229
2015/3/21 13:00,110.17488,40.53103
2015/3/21 11:00,110.17462,40.53131
2015/3/21 10:00,110.17423,40.53208
2015/3/21 9:01,110.1646,40.52349
2015/3/21 8:00,110.16456,40.52328
2015/3/21 7:00,110.16468,40.52341
2015/3/21 6:00,110.16463,40.52347
2015/3/21 5:00,110.16459,40.52338
2015/3/21 4:00,110.16461,40.52339
2015/3/21 3:00,110.16456,40.52321
2015/3/21 2:00,110.16456,40.52353
2015/3/21 1:00,110.1733,40.51927
2015/3/21 0:00,110.17342,40.51934
2015/3/20 23:00,110.17524,40.52058
2015/3/20 22:00,110.17498,40.5206
2015/3/20 21:00,110.17418,40.52011
2015/3/20 20:00,110.1741,40.52015
2015/3/20 19:00,110.17387,40.51938
2015/3/20 18:00,110.17486,40.51943
2015/3/20 17:00,110.17491,40.51953
2015/3/20 16:00,110.17397,40.51948
2015/3/20 15:00,110.1739,40.51947
2015/3/20 14:00,110.17339,40.5192
2015/3/20 13:01,110.17373,40.51962
2015/3/20 12:00,110.17265,40.52135
2015/3/20 11:01,110.1736,40.52139
2015/3/20 10:00,110.17703,40.52414
2015/3/20 9:00,110.2136,40.49817
2015/3/20 8:00,110.21367,40.49823
2015/3/20 7:00,110.21371,40.49822
2015/3/20 6:00,110.21373,40.49818
2015/3/20 5:00,110.21371,40.49819
2015/3/20 4:00,110.21383,40.49819
2015/3/20 3:00,110.2137,40.49816
2015/3/20 2:00,110.2137,40.49816
2015/3/20 1:00,110.21352,40.49812
2015/3/20 0:00,110.2138,40.4981
2015/3/19 23:00,110.21529,40.49669
2015/3/19 22:01,110.2148,40.49689
2015/3/19 21:00,110.21533,40.49665
2015/3/19 20:00,110.21373,40.49957
2015/3/19 19:01,110.1967,40.51828
2015/3/19 18:02,110.20165,40.51865
2015/3/19 17:00,110.20397,40.53553
2015/3/19 16:00,110.20387,40.5354
2015/3/19 15:00,110.20402,40.53462
2015/3/19 14:00,110.204,40.53481
2015/3/19 13:00,110.17653,40.54373
2015/3/19 12:00,110.17637,40.54362
2015/3/19 11:01,110.17712,40.54485
2015/3/19 10:00,110.17785,40.54546
2015/3/19 9:00,110.17799,40.54415
2015/3/19 8:00,110.17816,40.54423
2015/3/19 6:01,110.17829,40.54407
2015/3/19 5:00,110.17828,40.54402
2015/3/19 4:00,110.17829,40.54421
2015/3/19 3:00,110.1783,40.54424
2015/3/19 2:00,110.17833,40.54426
2015/3/19 1:00,110.17838,40.54427
2015/3/19 0:01,110.1782,40.54436
2015/3/18 23:00,110.17833,40.54419
2015/3/18 22:00,110.17835,40.54413
2015/3/18 21:00,110.17829,40.54419
2015/3/18 20:00,110.17799,40.5443
2015/3/18 19:00,110.17801,40.5442
2015/3/18 18:00,110.17807,40.5441
2015/3/18 17:00,110.1781,40.53838
2015/3/18 16:00,110.1794,40.53765
2015/3/18 15:00,110.17901,40.53785
2015/3/18 14:01,110.17875,40.53787
2015/3/18 13:00,110.17871,40.53874
2015/3/18 12:00,110.17893,40.53928
2015/3/18 11:00,110.17939,40.53955
2015/3/18 10:00,110.18027,40.53936
2015/3/18 9:00,110.19,40.51101
2015/3/18 8:00,110.19013,40.511
2015/3/18 6:00,110.222,40.4919
2015/3/18 5:00,110.22207,40.49214
2015/3/18 4:00,110.22208,40.49211
2015/3/18 3:00,110.22196,40.49197
2015/3/18 2:00,110.22206,40.4921
2015/3/18 1:00,110.2218,40.49211
2015/3/18 0:00,110.2217,40.49213
2015/3/17 23:00,110.22224,40.49263
2015/3/17 22:00,110.22212,40.49262
2015/3/17 21:00,110.2217,40.49225
2015/3/17 20:11,110.2218,40.49197
2015/3/17 19:01,110.1973,40.5184
2015/3/17 18:01,110.19698,40.51782
2015/3/17 17:00,110.19676,40.51763
2015/3/17 16:00,110.197,40.51701
2015/3/17 15:01,110.19634,40.51675
2015/3/17 14:00,110.19313,40.51801
2015/3/17 13:00,110.19392,40.51782
2015/3/17 12:00,110.19427,40.51792
2015/3/17 11:02,110.19336,40.51832
2015/3/17 10:01,110.19389,40.5179
2015/3/17 9:00,110.19355,40.51794
2015/3/17 8:00,110.22611,40.4933
2015/3/17 7:00,110.22621,40.49337
2015/3/17 6:01,110.22616,40.4934
2015/3/17 5:00,110.22619,40.49338
2015/3/17 4:00,110.2262,40.49335
2015/3/17 3:00,110.22624,40.49338
2015/3/17 2:00,110.22624,40.49334
2015/3/17 1:00,110.2262,40.49328
2015/3/17 0:01,110.22621,40.4934
2015/3/16 23:00,110.22525,40.4933
2015/3/16 22:00,110.22501,40.49188
2015/3/16 21:00,110.22475,40.49231
2015/3/16 20:00,110.22473,40.49222
2015/3/16 19:00,110.19402,40.51784
2015/3/16 18:00,110.19355,40.51799
2015/3/16 17:00,110.1934,40.5181
2015/3/16 16:01,110.1936,40.51765
2015/3/16 15:00,110.19372,40.51808
2015/3/16 14:00,110.19355,40.51782
2015/3/16 13:01,110.19358,40.51793
2015/3/16 12:02,110.19348,40.51787
2015/3/16 11:00,110.19336,40.51799
2015/3/16 10:00,110.19072,40.51076
2015/3/16 9:00,110.18172,40.52435
2015/3/16 8:00,110.10055,40.50935
2015/3/16 7:00,110.1017,40.50913
2015/3/16 6:00,110.10128,40.50921
2015/3/16 5:00,110.10126,40.5092
2015/3/16 4:00,110.10126,40.50913
2015/3/16 3:00,110.10124,40.50926
2015/3/16 2:00,110.1012,40.50925
2015/3/16 1:00,110.10066,40.50929
2015/3/16 0:00,110.10105,40.50839
2015/3/15 23:00,110.10062,40.50898
2015/3/15 22:00,110.09786,40.5082
2015/3/15 21:00,110.09951,40.50944
2015/3/15 20:00,110.10045,40.50933
2015/3/15 19:00,110.10338,40.50765
2015/3/15 18:01,110.19265,40.51728
2015/3/15 17:00,110.19264,40.51734
2015/3/15 16:00,110.1926,40.51733
2015/3/15 15:01,110.21597,40.49825
2015/3/15 14:00,110.21545,40.49845
2015/3/15 13:00,110.21513,40.49861
2015/3/15 12:00,110.22492,40.49243
2015/3/15 11:01,110.22499,40.49174
2015/3/15 10:01,110.22196,40.495
2015/3/15 9:00,110.22494,40.49188
2015/3/15 8:00,110.22501,40.49183
2015/3/15 7:00,110.225,40.49187
2015/3/15 6:00,110.22498,40.49179
2015/3/15 5:00,110.22521,40.49179
2015/3/15 4:00,110.22496,40.49183
2015/3/15 3:00,110.22502,40.49186
2015/3/15 2:00,110.22516,40.49187
2015/3/15 1:00,110.22476,40.49286
2015/3/15 0:00,110.22506,40.49204
2015/3/14 23:00,110.22554,40.49201
2015/3/14 22:00,110.22504,40.49153
2015/3/14 21:00,110.2252,40.49164
2015/3/14 20:00,110.22502,40.49154
2015/3/14 19:00,110.22526,40.49287
2015/3/14 18:01,110.2435,40.50796
2015/3/14 17:00,110.24698,40.50327
2015/3/14 16:00,110.24708,40.50398
2015/3/14 15:00,110.2467,40.50653
2015/3/14 14:00,110.24608,40.50648
2015/3/14 13:00,110.2462,40.50642
2015/3/14 12:02,110.29272,40.4996
2015/3/13 22:01,113.51892,39.93175
2015/3/13 21:03,113.96604,39.5811
2015/3/13 20:02,114.45544,39.27974
2015/3/13 19:00,114.92652,38.98757
2015/3/13 18:01,114.9253,38.98842
2015/3/13 17:00,114.92664,38.98754
2015/3/13 16:00,114.9256,38.98827
2015/3/13 15:00,114.9268,38.9876
2015/3/13 14:00,114.92634,38.98746
2015/3/13 13:01,114.9257,38.98767
2015/3/13 12:02,114.92694,38.98655
2015/3/12 21:00,113.4745,31.07629
2015/3/12 20:01,113.16626,30.20511
2015/3/12 19:01,112.80008,29.51453
2015/3/12 18:01,112.8002,29.51534
2015/3/12 17:00,112.7998,29.51519
2015/3/12 16:00,112.79976,29.5152
2015/3/12 15:00,112.79962,29.51521
2015/3/12 14:00,112.79908,29.51489
2015/3/12 13:00,112.8,29.5151
2015/3/12 12:01,112.79852,29.51518
2015/3/12 11:00,112.80002,29.51507
2015/3/12 10:01,112.80034,29.51455
2015/3/12 9:00,112.80004,29.51499
2015/3/12 8:00,112.80174,29.51489
2015/3/12 7:01,112.79846,29.51498
2015/3/12 6:00,112.79994,29.51504
2015/3/12 5:00,112.79918,29.51505
2015/3/12 4:01,112.79942,29.51498
2015/3/12 3:00,112.79866,29.51521
2015/3/12 2:00,112.80016,29.51502
2015/3/12 1:00,112.79968,29.5151
2015/3/12 0:00,112.79816,29.51489
2015/3/11 23:00,112.79838,29.51496
2015/3/11 22:00,112.7983,29.515
2015/3/11 21:00,112.80018,29.51516
2015/3/11 20:00,112.80014,29.51521
2015/3/11 19:00,112.79994,29.51531
2015/3/11 18:00,112.79834,29.51511
2015/3/11 17:00,112.80004,29.51516
2015/3/11 16:01,112.7987,29.51535
2015/3/11 15:01,112.80078,29.51517
2015/3/11 14:00,112.80006,29.51509
2015/3/11 13:00,112.79946,29.51518
2015/3/11 12:00,112.7999,29.5143
2015/3/11 11:03,112.79996,29.51488
2015/3/11 10:00,112.80012,29.51515
2015/3/11 9:00,112.8006,29.5152
2015/3/11 8:01,112.80006,29.5151
2015/3/11 7:00,112.80248,29.51426
2015/3/11 6:00,112.8,29.51512
2015/3/11 5:00,112.7996,29.51532
2015/3/11 4:00,112.79972,29.51523
2015/3/11 3:00,112.80102,29.51507
2015/3/11 2:00,112.80108,29.5152
2015/3/11 1:02,112.8024,29.51465
2015/3/11 0:00,112.80064,29.51532
2015/3/10 23:01,112.8007,29.51526
2015/3/10 22:00,112.79962,29.51522
2015/3/10 21:00,112.79892,29.51528
2015/3/10 20:00,112.79996,29.51509
2015/3/10 19:00,112.79998,29.51522
2015/3/10 18:00,112.79896,29.51551
2015/3/10 17:02,112.79896,29.51509
2015/3/10 16:00,112.79836,29.52556
2015/3/10 15:00,112.79814,29.5256
2015/3/10 14:00,112.79778,29.52589
2015/3/10 13:02,112.798,29.52566
2015/3/10 12:00,112.79816,29.52561
2015/3/10 11:01,112.79826,29.52584
2015/3/10 10:00,112.79832,29.52552
2015/3/10 9:02,112.79802,29.52532
2015/3/10 8:01,112.79792,29.5253
2015/3/10 7:00,112.82206,29.52097
2015/3/10 6:00,112.82186,29.52108
2015/3/10 5:00,112.82186,29.52105
2015/3/10 4:00,112.82198,29.52111
2015/3/10 3:00,112.82198,29.52046
2015/3/10 2:00,112.82232,29.52131
2015/3/10 1:00,112.82256,29.52118
2015/3/10 0:00,112.81586,29.50098
2015/3/9 23:01,112.81596,29.50097
2015/3/9 22:00,112.81602,29.501
2015/3/9 21:00,112.81596,29.50099
2015/3/9 20:00,112.81592,29.50105
2015/3/9 19:00,112.81608,29.50113
2015/3/9 18:02,112.8161,29.5012
2015/3/9 17:00,112.81594,29.50108
2015/3/9 16:02,112.80632,29.4879
2015/3/9 15:01,112.80606,29.48826
2015/3/9 10:00,112.80634,29.48817
2015/3/9 9:00,112.80928,29.48842
2015/3/9 8:00,112.8098,29.48829
2015/3/9 7:00,112.80956,29.48862
2015/3/9 6:00,112.80948,29.48857
2015/3/9 5:00,112.80946,29.48858
2015/3/9 4:00,112.80948,29.48859
2015/3/9 3:00,112.80962,29.4886
2015/3/9 2:00,112.8099,29.48862
2015/3/9 1:00,112.80958,29.48817
2015/3/9 0:00,112.8097,29.48818
2015/3/8 23:00,112.80974,29.48728
2015/3/8 22:00,112.80996,29.48699
2015/3/8 21:00,112.81028,29.48571
2015/3/8 20:01,112.81034,29.4854
2015/3/8 19:00,112.81036,29.48578
2015/3/8 18:00,112.81046,29.48417
2015/3/8 17:00,112.8106,29.48407
2015/3/8 16:01,112.80974,29.48347
2015/3/8 15:00,112.81128,29.48364
2015/3/8 14:00,112.811,29.48235
2015/3/8 13:00,112.81122,29.48243
2015/3/8 12:00,112.81116,29.48334
2015/3/8 11:00,112.80926,29.48717
2015/3/8 10:00,112.8093,29.48744
2015/3/8 9:00,112.82264,29.52148
2015/3/8 8:00,112.8223,29.52123
2015/3/8 7:00,112.82248,29.52105
2015/3/8 6:00,112.82256,29.52098
2015/3/8 4:00,112.82218,29.52126
2015/3/8 3:00,112.82248,29.52126
2015/3/8 2:01,112.82242,29.52111
2015/3/8 1:00,112.8227,29.52088
2015/3/8 0:00,112.82232,29.52086
2015/3/7 23:00,112.8096,29.48618
2015/3/7 22:00,112.8097,29.48588
2015/3/7 21:00,112.80966,29.48595
2015/3/7 20:00,112.80954,29.48603
2015/3/7 19:00,112.80946,29.48614
2015/3/7 18:00,112.8079,29.48566
2015/3/7 17:00,112.80846,29.48613
2015/3/7 16:01,112.80852,29.4859
2015/3/7 15:00,112.80882,29.48597
2015/3/7 14:02,112.8085,29.4853
2015/3/7 13:00,112.80902,29.48439
2015/3/7 12:00,112.8092,29.48443
2015/3/7 11:01,112.80904,29.48451
2015/3/7 10:01,112.8086,29.48471
2015/3/7 9:00,112.81064,29.48364
2015/3/7 8:01,112.80988,29.48619
2015/3/7 7:00,112.80956,29.48725
2015/3/7 6:00,112.80912,29.48676
2015/3/7 5:01,112.80924,29.48677
2015/3/7 4:00,112.80926,29.48677
2015/3/7 3:00,112.80952,29.48727
2015/3/7 2:00,112.80948,29.48723
2015/3/7 1:00,112.80954,29.48731
2015/3/7 0:00,112.80942,29.4874
2015/3/6 23:00,112.80936,29.4872
2015/3/6 22:00,112.81016,29.48488
2015/3/6 21:00,112.81066,29.4841
2015/3/6 20:00,112.81062,29.48414
2015/3/6 19:02,112.8104,29.4829
2015/3/6 18:00,112.8098,29.48268
2015/3/6 17:01,112.80952,29.48351
2015/3/6 16:00,112.80842,29.48491
2015/3/6 15:00,112.80804,29.48521
2015/3/6 14:01,112.80802,29.48488
2015/3/6 13:00,112.80794,29.48506
2015/3/6 12:00,112.80792,29.48478
2015/3/6 11:00,112.80804,29.48499
2015/3/6 10:00,112.80868,29.48658
2015/3/6 9:00,112.79786,29.52511
2015/3/6 8:01,112.798,29.52524
2015/3/6 7:00,112.7979,29.52541
2015/3/6 6:00,112.7978,29.52553
2015/3/6 5:00,112.7978,29.52547
2015/3/6 4:00,112.79786,29.52547
2015/3/6 3:00,112.7979,29.52551
2015/3/6 2:00,112.79772,29.52554
2015/3/6 1:00,112.7975,29.52565
2015/3/6 0:00,112.79774,29.52552
2015/3/5 23:00,112.80848,29.48686
2015/3/5 22:02,112.80832,29.48681
2015/3/5 21:00,112.80846,29.48668
2015/3/5 20:00,112.80838,29.48678
2015/3/5 19:00,112.80842,29.48675
2015/3/5 18:00,112.8233,29.52111
2015/3/5 17:00,112.82314,29.5205
2015/3/5 16:00,112.82266,29.52056
2015/3/5 15:00,112.82262,29.52101
2015/3/5 14:00,112.82278,29.52066
2015/3/5 13:00,112.82392,29.52102
2015/3/5 12:00,112.82354,29.52092
2015/3/5 11:00,112.82276,29.52046
2015/3/5 10:00,112.82374,29.52106
2015/3/5 9:00,112.82344,29.5207
2015/3/5 8:00,112.82356,29.52084
2015/3/5 7:01,112.82346,29.5205
2015/3/5 6:00,112.82342,29.5208
2015/3/5 5:00,112.82318,29.52083
2015/3/5 4:01,112.82322,29.52073
2015/3/5 3:00,112.82394,29.52077
2015/3/5 2:00,112.8233,29.52089
2015/3/5 1:00,112.82316,29.52034
2015/3/5 0:00,112.82292,29.52085
2015/3/4 23:00,112.80778,29.48689
2015/3/4 22:00,112.80776,29.48695
2015/3/4 21:01,112.80756,29.48668
2015/3/4 20:00,112.8076,29.48688
2015/3/4 19:00,112.8075,29.48704
2015/3/4 18:00,112.80744,29.48437
2015/3/4 17:01,112.80764,29.48475
2015/3/4 16:01,112.80786,29.48518
2015/3/4 15:00,112.80834,29.48535
2015/3/4 14:00,112.8079,29.48575
2015/3/4 13:00,112.80784,29.48659
2015/3/4 12:00,112.82282,29.52145
2015/3/4 11:00,112.82308,29.52159
2015/3/4 10:00,112.8233,29.52137
2015/3/4 9:00,112.82304,29.52141
2015/3/4 8:00,112.82342,29.52077
2015/3/4 7:00,112.82302,29.52108
2015/3/4 6:00,112.8226,29.52147
2015/3/4 5:00,112.82314,29.52134
2015/3/4 4:00,112.82366,29.52072
2015/3/4 3:00,112.823,29.52076
2015/3/4 2:00,112.82316,29.52111
2015/3/4 1:00,112.82346,29.52066
2015/3/4 0:00,112.82362,29.52057
2015/3/3 23:00,112.82352,29.52074
2015/3/3 21:01,112.80806,29.48661
2015/3/3 20:00,112.80798,29.48672
2015/3/3 19:00,112.80816,29.48655
2015/3/3 18:01,112.80822,29.48528
2015/3/3 17:01,112.8082,29.48617
2015/3/3 16:00,112.8074,29.48606
2015/3/3 15:00,112.80756,29.48605
2015/3/3 14:00,112.80776,29.48625
2015/3/3 13:00,112.80774,29.4861
2015/3/3 12:00,112.80778,29.48601
2015/3/3 11:00,112.8076,29.4861
2015/3/3 10:00,112.80774,29.4867
2015/3/3 9:00,112.82284,29.52129
2015/3/3 8:01,112.82414,29.52095
2015/3/3 7:00,112.82404,29.52114
2015/3/3 6:00,112.82398,29.5212
2015/3/3 4:00,112.82328,29.52156
2015/3/3 3:01,112.82254,29.5215
2015/3/3 2:00,112.82266,29.52158
2015/3/3 1:00,112.823,29.52087
2015/3/3 0:00,112.82324,29.52037
2015/3/2 23:00,112.82278,29.52124
2015/3/2 22:00,112.80828,29.48666
2015/3/2 21:00,112.80834,29.48664
2015/3/2 20:01,112.8082,29.4866
2015/3/2 19:00,112.80826,29.48626
2015/3/2 18:01,112.80828,29.48616
2015/3/2 17:01,112.80776,29.48634
2015/3/2 16:00,112.80744,29.48634
2015/3/2 15:00,112.80762,29.48633
2015/3/2 14:00,112.8234,29.5213
2015/3/2 13:00,112.82302,29.52138
2015/3/2 12:00,112.82246,29.52123
2015/3/2 11:00,112.8225,29.52102
2015/3/2 10:00,112.82258,29.52147
2015/3/2 9:00,112.8232,29.52152
2015/3/2 8:00,112.82302,29.52151
2015/3/2 7:01,112.82312,29.52095
2015/3/2 6:00,112.8233,29.52145
2015/3/2 5:00,112.82354,29.52164
2015/3/2 4:00,112.82378,29.52153
2015/3/2 3:00,112.8232,29.52126
2015/3/2 2:00,112.82334,29.52125
2015/3/2 1:00,112.82348,29.52183
2015/3/2 0:00,112.82316,29.52182
2015/3/1 23:00,112.82332,29.52136
2015/3/1 22:00,112.8232,29.52159
2015/3/1 21:00,112.79816,29.52536
2015/3/1 20:00,112.79782,29.52555
2015/3/1 19:00,112.79806,29.52558
2015/3/1 18:00,112.79848,29.52572
2015/3/1 17:00,112.7984,29.52579
2015/3/1 16:00,112.79838,29.52579
2015/3/1 15:00,112.798,29.52599
2015/3/1 14:00,112.79854,29.5256
2015/3/1 13:00,112.7985,29.52554
2015/3/1 12:00,112.7981,29.52494
2015/3/1 11:00,112.79798,29.52541
2015/3/1 10:00,112.82306,29.52143
2015/3/1 9:00,112.8231,29.5214
2015/3/1 8:01,112.82282,29.52182
2015/3/1 7:01,112.82324,29.52122
2015/3/1 6:00,112.82296,29.52134
2015/3/1 5:00,112.82316,29.52154
2015/3/1 4:00,112.82324,29.52153
2015/3/1 3:00,112.82324,29.52176
2015/3/1 2:00,112.82322,29.52185
2015/3/1 1:00,112.82308,29.52192
2015/3/1 0:00,112.82322,29.52182
2015/2/28 23:00,112.82252,29.52153
2015/2/28 22:00,112.79802,29.52526
2015/2/28 21:00,112.7979,29.52546
2015/2/28 20:00,112.79796,29.52535
2015/2/28 19:00,112.79812,29.52539
2015/2/28 18:00,112.79956,29.52567
2015/2/28 17:00,112.79852,29.52586
2015/2/28 16:00,112.79788,29.52556
2015/2/28 15:02,112.7977,29.52564
2015/2/28 14:01,112.82372,29.52126
2015/2/28 13:00,112.8229,29.52131
2015/2/28 12:00,112.82296,29.52177
2015/2/28 11:00,112.82346,29.52105
2015/2/28 10:00,112.82354,29.5209
2015/2/28 9:01,112.82384,29.5208
2015/2/28 7:01,112.79782,29.52607
2015/2/28 6:00,112.79756,29.52591
2015/2/28 5:00,112.79748,29.52591
2015/2/28 4:00,112.79756,29.52592
2015/2/28 3:00,112.79792,29.52534
2015/2/28 2:00,112.79794,29.52514
2015/2/28 1:00,112.7978,29.52535
2015/2/28 0:00,112.79804,29.52533
2015/2/27 23:00,112.7979,29.5253
2015/2/27 22:00,112.79806,29.52532
2015/2/27 21:00,112.79794,29.52533
2015/2/27 20:00,112.79822,29.52501
2015/2/27 19:01,112.79782,29.52542
2015/2/27 18:01,112.79816,29.52556
2015/2/27 17:00,112.81494,29.53209
2015/2/27 16:00,112.815,29.53191
2015/2/27 15:00,112.81432,29.53173
2015/2/27 14:00,112.81438,29.53163
2015/2/27 13:00,112.81454,29.53145
2015/2/27 12:01,112.81436,29.53176
2015/2/27 11:01,112.81452,29.53162
2015/2/27 10:00,112.81452,29.53174
2015/2/27 9:00,112.81562,29.52976
2015/2/27 8:00,112.79874,29.52536
2015/2/27 7:00,112.79796,29.52533
2015/2/27 6:00,112.7977,29.52524
2015/2/27 5:00,112.79764,29.52522
2015/2/27 4:00,112.79774,29.52532
2015/2/27 3:02,112.7979,29.52527
2015/2/27 1:00,112.79766,29.52537
2015/2/27 0:00,112.79774,29.52519
2015/2/26 23:00,112.7977,29.52518
2015/2/26 22:00,112.7977,29.52518
2015/2/26 21:00,112.79768,29.52529
2015/2/26 20:00,112.79784,29.52506
2015/2/26 19:00,112.79774,29.52563
2015/2/26 18:00,112.79822,29.52542
2015/2/26 17:00,112.79862,29.52563
2015/2/26 16:00,112.7982,29.52524
2015/2/26 15:01,112.7979,29.52557
2015/2/26 14:00,112.81426,29.53149
2015/2/26 13:00,112.81406,29.53103
2015/2/26 12:00,112.81818,29.52251
2015/2/26 11:00,112.8183,29.52225
2015/2/26 10:00,112.81898,29.52214
2015/2/26 9:00,112.81944,29.52235
2015/2/26 8:00,112.79816,29.52521
2015/2/26 7:00,112.7979,29.52542
2015/2/26 6:00,112.79758,29.52497
2015/2/26 4:00,112.79798,29.52526
2015/2/26 3:01,112.79796,29.52517
2015/2/26 2:00,112.79778,29.52512
2015/2/26 1:00,112.79776,29.52524
2015/2/26 0:00,112.79774,29.5252
2015/2/25 23:00,112.79774,29.52518
2015/2/25 22:00,112.79774,29.52516
2015/2/25 21:00,112.79776,29.52515
2015/2/25 20:00,112.79774,29.52516
2015/2/25 19:00,112.7974,29.5258
2015/2/25 18:00,112.79782,29.52584
2015/2/25 17:00,112.7979,29.52531
2015/2/25 16:00,112.8224,29.52045
2015/2/25 15:00,112.822,29.52069
2015/2/25 14:00,112.82236,29.52029
2015/2/25 13:00,112.82246,29.52016
2015/2/25 12:01,112.81918,29.52307
2015/2/25 11:00,112.8195,29.52243
2015/2/25 10:00,112.81876,29.5229
2015/2/25 9:00,112.81876,29.5232
2015/2/25 8:00,112.8183,29.5227
2015/2/25 7:01,112.79788,29.52521
2015/2/25 6:00,112.79792,29.52521
2015/2/25 5:00,112.79788,29.52506
2015/2/25 4:00,112.79794,29.52495
2015/2/25 3:01,112.7981,29.52471
2015/2/25 2:00,112.79792,29.52524
2015/2/25 1:01,112.7979,29.52524
2015/2/25 0:00,112.79774,29.52513
2015/2/24 23:00,112.79756,29.52516
2015/2/24 22:00,112.79766,29.52521
2015/2/24 21:00,112.79764,29.52521
2015/2/24 20:00,112.79782,29.52514
2015/2/24 19:00,112.79796,29.52539
2015/2/24 18:00,112.8204,29.52328
2015/2/24 17:00,112.81896,29.52259
2015/2/24 16:00,112.81846,29.52277
2015/2/24 15:00,112.82206,29.52025
2015/2/24 14:00,112.8221,29.52042
2015/2/24 13:01,112.82184,29.52029
2015/2/24 11:00,112.82214,29.52047
2015/2/24 10:00,112.82192,29.52041
2015/2/24 9:00,112.82192,29.52035
2015/2/24 8:00,112.82184,29.52041
2015/2/24 7:00,112.81858,29.52244
2015/2/24 6:00,112.81856,29.52276
2015/2/24 5:00,112.8188,29.52157
2015/2/24 4:00,112.81934,29.52143
2015/2/24 3:00,112.81958,29.5216
2015/2/24 2:00,112.8187,29.5213
2015/2/24 1:00,112.81934,29.52174
2015/2/24 0:00,112.81774,29.52252
2015/2/23 23:00,112.81806,29.52297
2015/2/23 22:00,112.81962,29.52216
2015/2/23 21:00,112.81954,29.52207
2015/2/23 20:01,112.81952,29.52221
2015/2/23 19:01,112.81968,29.52207
2015/2/23 18:00,112.81962,29.52212
2015/2/23 17:00,112.81882,29.52324
2015/2/23 16:00,112.8187,29.52329
2015/2/23 15:00,112.81866,29.52314
2015/2/23 14:00,112.82234,29.52051
2015/2/23 13:00,112.8223,29.52057
2015/2/23 12:01,112.82234,29.52037
2015/2/23 11:00,112.8192,29.52293
2015/2/23 10:00,112.81842,29.52256
2015/2/23 9:00,112.81778,29.52248
2015/2/23 8:01,112.81874,29.52359
2015/2/23 7:00,112.81854,29.52277
2015/2/23 6:00,112.81876,29.52258
2015/2/23 5:00,112.81918,29.52227
2015/2/23 4:00,112.8195,29.52211
2015/2/23 3:01,112.82008,29.5216
2015/2/23 2:00,112.81924,29.52175
2015/2/23 1:00,112.81934,29.5217
2015/2/23 0:01,112.81978,29.52185
2015/2/22 23:00,112.8197,29.52222
2015/2/22 22:00,112.81744,29.5223
2015/2/22 21:00,112.81858,29.52259
2015/2/22 20:00,112.81844,29.52273
2015/2/22 19:00,112.8186,29.52264
2015/2/22 18:00,112.8198,29.52219
2015/2/22 17:00,112.81986,29.52205
2015/2/22 16:00,112.81964,29.52207
2015/2/22 15:00,112.8189,29.52305
2015/2/22 14:00,112.81858,29.52319
2015/2/22 13:01,112.98212,29.67499
2015/2/22 12:00,113.0049,29.76381
2015/2/22 11:01,113.00464,29.76469
2015/2/22 10:01,113.00606,29.76407
2015/2/22 9:01,113.00646,29.76415
2015/2/22 8:00,113.0063,29.76386
2015/2/22 7:00,113.00516,29.76421
2015/2/22 6:00,113.00442,29.76405
2015/2/22 5:00,113.00448,29.76444
2015/2/22 4:00,113.00552,29.76437
2015/2/22 3:00,113.00572,29.76463
2015/2/22 2:00,113.00604,29.76386
2015/2/22 1:00,113.0057,29.76448
2015/2/22 0:00,113.00558,29.76435
2015/2/21 23:00,113.00532,29.76438
2015/2/21 22:00,113.00424,29.76435
2015/2/21 21:01,113.00432,29.76408
2015/2/21 20:02,113.00446,29.76388
2015/2/21 19:00,113.00438,29.76435
2015/2/21 18:00,113.00552,29.76429
2015/2/21 17:00,113.0054,29.76426
2015/2/21 16:01,113.00558,29.76481
2015/2/21 15:01,113.00408,29.76445
2015/2/21 14:00,113.00428,29.76445
2015/2/21 13:00,113.0044,29.76442
2015/2/21 12:00,113.00596,29.76439
2015/2/21 11:00,113.0063,29.76413
2015/2/21 10:00,113.00462,29.76447
2015/2/21 9:01,113.00634,29.76389
2015/2/21 8:00,113.00644,29.76404
2015/2/21 7:00,113.00454,29.76322
2015/2/21 6:00,113.00412,29.76384
2015/2/21 4:00,113.00452,29.76354
2015/2/21 3:01,113.00446,29.76394
2015/2/21 2:00,113.0043,29.76406
2015/2/21 1:00,113.0043,29.7642
2015/2/21 0:00,113.00434,29.76411
2015/2/20 23:00,113.00524,29.76413
2015/2/20 22:00,113.00566,29.76459
2015/2/20 21:00,113.00472,29.76463
2015/2/20 20:00,113.00466,29.76457
2015/2/20 19:00,113.0048,29.76489
2015/2/20 18:00,113.00564,29.7649
2015/2/20 17:00,113.00556,29.76485
2015/2/20 16:00,113.00452,29.76485
2015/2/20 15:00,113.00552,29.76459
2015/2/20 14:00,113.0046,29.76462
2015/2/20 13:00,113.00438,29.76443
2015/2/20 12:00,113.0051,29.76434
2015/2/20 11:00,113.00544,29.76438
2015/2/20 10:00,113.00476,29.76399
2015/2/20 9:01,113.00492,29.76471
2015/2/20 8:00,113.00604,29.76384
2015/2/20 7:00,113.0049,29.76476
2015/2/20 6:00,113.00528,29.76455
2015/2/20 5:00,113.00534,29.76479
2015/2/20 4:00,113.0056,29.76477
2015/2/20 3:00,113.00552,29.76462
2015/2/20 2:00,113.0057,29.7645
2015/2/20 1:00,113.0053,29.76445
2015/2/20 0:00,113.00532,29.76462
2015/2/19 23:00,113.00532,29.76445
2015/2/19 22:00,113.00524,29.76435
2015/2/19 21:00,113.00516,29.76446
2015/2/19 20:01,113.00508,29.76451
2015/2/19 19:00,113.0052,29.76416
2015/2/19 18:00,113.00516,29.7642
2015/2/19 17:00,113.00638,29.76414
2015/2/19 16:00,113.00514,29.76428
2015/2/19 15:01,113.00494,29.76455
2015/2/19 14:00,113.00488,29.76404
2015/2/19 13:00,113.00474,29.76379
2015/2/19 12:00,113.00532,29.76447
2015/2/19 11:00,113.00518,29.76438
2015/2/19 10:00,113.00558,29.76402
2015/2/19 9:00,113.00524,29.76466
2015/2/19 8:00,113.00488,29.76422
2015/2/19 7:00,113.00526,29.76446
2015/2/19 6:00,113.0056,29.76466
2015/2/19 5:01,113.00556,29.76453
2015/2/19 4:00,113.00544,29.76446
2015/2/19 3:00,113.00534,29.76469
2015/2/19 2:00,113.00544,29.76454
2015/2/19 1:00,113.00504,29.76443
2015/2/19 0:00,113.00522,29.76447
2015/2/18 23:00,113.00528,29.76455
2015/2/18 22:00,113.00514,29.76451
2015/2/18 21:00,113.0046,29.76429
2015/2/18 20:00,113.00482,29.76416
2015/2/18 19:01,113.00492,29.76418
2015/2/18 18:00,113.00478,29.76441
2015/2/18 17:00,113.0049,29.7639
2015/2/18 16:00,113.0045,29.76378
2015/2/18 15:00,113.00454,29.76349
2015/2/18 14:00,113.00492,29.76412
2015/2/18 13:00,113.00524,29.76447
2015/2/18 12:00,113.00538,29.76409
2015/2/18 11:00,113.0048,29.7637
2015/2/18 10:00,113.00514,29.76356
2015/2/18 9:00,113.00548,29.76422
2015/2/18 8:00,113.00384,29.76246
2015/2/18 7:00,113.00366,29.76241
2015/2/18 6:00,113.00358,29.76253
2015/2/18 5:00,113.00358,29.76243
2015/2/18 4:00,113.00362,29.76254
2015/2/18 3:00,113.0038,29.76263
2015/2/18 2:00,113.00356,29.76224
2015/2/18 1:00,113.00344,29.76227
2015/2/18 0:00,113.00354,29.76181
2015/2/17 23:00,113.0036,29.76184
2015/2/17 22:00,113.00352,29.76155
2015/2/17 21:01,113.01154,29.72583
2015/2/17 20:01,113.01212,29.72553
2015/2/17 19:00,113.0122,29.72545
2015/2/17 18:00,113.01182,29.72387
2015/2/17 17:00,113.01232,29.72456
2015/2/17 16:01,113.01528,29.73807
2015/2/17 15:00,113.01834,29.75295
2015/2/17 14:00,113.01712,29.74886
2015/2/17 13:00,113.01756,29.74814
2015/2/17 12:01,113.01824,29.74787
2015/2/17 11:00,113.0191,29.75762
2015/2/17 10:00,113.00362,29.76154
2015/2/17 9:00,113.00318,29.76097
2015/2/17 8:00,113.00348,29.76148
2015/2/17 7:00,113.00332,29.7614
2015/2/17 6:00,113.00312,29.76082
2015/2/17 5:00,113.0031,29.76083
2015/2/17 4:00,113.00322,29.76096
2015/2/17 3:00,113.00316,29.76086
2015/2/17 2:00,113.00286,29.7611
2015/2/17 1:00,113.0029,29.76109
2015/2/17 0:00,113.00298,29.76098
2015/2/16 23:00,113.00314,29.7614
2015/2/16 22:00,113.00306,29.76141
2015/2/16 21:00,113.00342,29.76153
2015/2/16 20:00,113.003,29.76149
2015/2/16 19:00,113.00342,29.76136
2015/2/16 18:00,113.00344,29.76134
2015/2/16 17:00,113.00334,29.76134
2015/2/16 16:00,113.00372,29.76147
2015/2/16 15:00,113.00352,29.76126
2015/2/16 14:00,113.00346,29.76137
2015/2/16 13:00,113.00352,29.7616
2015/2/16 12:00,113.00352,29.76152
2015/2/16 11:00,113.00368,29.76224
2015/2/16 10:00,113.00364,29.76227
2015/2/16 9:00,113.00364,29.76244
2015/2/16 8:02,112.99768,29.70881
2015/2/16 7:01,112.80994,29.49509
2015/2/16 6:00,112.80998,29.49499
2015/2/16 4:01,112.81018,29.49483
2015/2/16 3:00,112.81022,29.49477
2015/2/16 2:00,112.8106,29.49505
2015/2/16 1:00,112.80962,29.49491
2015/2/16 0:01,112.80952,29.49522
2015/2/15 23:00,112.80982,29.49512
2015/2/15 22:00,112.80976,29.49512
2015/2/15 21:00,112.80958,29.49514
2015/2/15 20:02,112.80964,29.49511
2015/2/15 19:01,112.80754,29.49361
2015/2/15 17:00,112.8112,29.49435
2015/2/15 16:00,112.81122,29.49429
2015/2/15 15:01,112.80294,29.52345
2015/2/15 14:00,112.80304,29.52325
2015/2/15 13:00,113.00382,29.76149
2015/2/15 12:00,113.00352,29.76168
2015/2/15 11:00,113.00342,29.76178
2015/2/15 10:00,113.00366,29.76188
2015/2/15 9:00,113.00348,29.76197
2015/2/15 8:00,113.00336,29.76148
2015/2/15 7:00,113.00306,29.76153
2015/2/15 6:00,113.0034,29.7618
2015/2/15 5:00,113.0033,29.76137
2015/2/15 4:01,113.00306,29.76157
2015/2/15 3:00,113.0031,29.76161
2015/2/15 2:00,113.00326,29.76165
2015/2/15 1:00,113.00298,29.76122
2015/2/15 0:00,113.0033,29.76156
